KENYA PROVIDERS,county,Specialty,Location
,,,
Baringo,,,
Barnet Memorial Hospital,Baringo,Hospital,"Stadium Road, Kabarnet"
,,,
Bomet,,,
Tenwek Hospital,Bomet,Hospital,Bomet-Silibwet Road
,,,
Bungoma,,,
St. Damiano Medical Centre,Bungoma,Hospital,Mumias-Bungoma Road
Elgonview Medical Cottage,Bungoma,Hospital,"Mumias Road,Next to Tourist Hotel"
Friends Mission Hospital - Lugulu,Bungoma,Hospital,Lugulu Town
Lumboka Hospital,Bungoma,Hospital,Bungoma
,,,
Busia,,,
Tanaka Nursing Home,Busia,Hospital,Along Kisumu-Busia Road
Apex Healthcare,Busia,Hospital,Malaba
,,,
Embu,,,
Dr. Mushtaq Muhammad,Embu,Physcian,"Mama Ngina Street,N ext to Thagamu House"
Joykim Clinic,Embu,Hospital,Mama Ngina Street
Joykim Nursing Home,Embu,Hospital,"Majimbo, Opp. Embu G.K Prisons, off Embu-Kiritiri Road"
Kirimara Opticians,Embu,Opticians,Kubu-kubu Road
Tenri hospital,Embu,Hospital,Cathy Plaza
Dr Martin Chambi,Embu,Cons Paediatrician,KCB building
Dr Mutune,Embu,E.N.T Surgeon,Neema Plaza - 1st Floor Rm 103
Dr Kamau,Embu,Consultant Gynaecologists,EMCO Building -2nd Floor RM 211
Jabez pharmacy,Embu,Pharmacy,Next to Equity Bank
liberty Maternity ANd Nursing Home,Embu,Nursing Home,Embu - Meru Highway Adjacent Mini Inn
,,,
Garissa,,,
Islamic African Relief Agency,Garissa,Hospital,"Miraa Road, Garissa"
Garissa Nursing Hospital,Garissa,Hospital,Garissa town
Alliance Medical Centre Ltd,Garissa,Hospital,Garissa
Excel Health Services,Garissa,Hospital,
,,,
Homa Bay,,,
St. Judeâ€™s Clinic I.C.I.P.E,Homa Bay,Hospital,Mbita Town
,,,
Isiolo,,,
Isiolo Medical Centre,Isiolo,Hospital,Behind Bomen Hotel
Clinix healthcare,Isiolo,Clinic,"Saada arcade, wandani house"
Clinix Healthcare-Jinja,Jinja,Clinic,Railway Station
,,,
Kajiado,,,
Athi River Medical Services Ltd.,Kajiado,Hospital,Athi River
Clinix heathcare,Kajiado,Clinic,Daystar University Athiriver Campus
Athi river shalom hospital,Kajiado,Hospital,Next to Bamburi Cement
Meridian Medical center,Kajiado,Clinic,Milele Center Ground Flr
Aga Khan - Kitengela Medical Centre,Kajiado,Clinic,"Ground Floor,Milele Centre Kajiado Road"
Oltau Heart Centre,Kajiado,Clinic,Tarikiville 1st Floor Kitengela
,,,
Kakamega,,,
Kakamega Highway Hospital,Kakamega,Hospital,Sudi Road
Nala Maternity & Nursing Home,Kakamega,Hospital,"Muruli Road, Kakamega"
"St. Marys Hospital, Mumias",Kakamega,Hospital,Mumias
Clinix Healthcare,Kakamega,Clinic,Kalibo House Off Mumias Bungoma Road.
Sonar imaging centre,Kakamega,cardio- Physcian,"Mega Mall, Mezanine floor, left wing"
,,,
Kampala,,,
Clinix Healthcare- Kampala,Kampala,Clinic,Mukororo Road
,,,
Kericho,,,
Siloam Hospital,Kericho,Hospital,Next to District Hospital
Adakim Chemist (2010) Ltd,Kericho,Chemist,Kericho Town
Xpert Eyecare,Kericho,Opticians,"Modern Mall,Tengecha lane opp Sunshine Hotel"
Kericho Outpatient Medical Clinic,Kericho,Hospital,
,,,
Kiambu,,,
Aga Khan University Medical Clinic,Kiambu,Clinic,Standard Chartered Building
Meridian Medical Centre,Kiambu,Clinic,"Thika Arcade, Ground Flr, Kenyatta Ave"
Central Memorial Hospital,Kiambu,Hospital,Upper Road
Naidu Hospital,Kiambu,Hospital,"Haile selasie Road, Next to Chania Girls"
Thika Dental Care Centre,Kiambu,Dental Surgeons,"Tabby House, 1st Floor, Rooms 23 & 34"
Thika Chemist (K) Ltd.,Kiambu,Chemist,"Uhuru Street,"
Baus Optical,Kiambu,Opticians,Marafique Arcade ground flr opp Tuskys
,,,
Kilifi,,,
Tawfiq Hospital,Kilifi,Hospital,Malindi Town
Star Hospital Malindi,Kilifi,Hospital,Off Jomo Kenyatta RD
Wananchi Maternity And Nursing Home,Kilifi,Nursing Home,kilifi Town
,,,
Kirinyaga,,,
ACK Mt. Kenya Hospital,Kirinyaga,Hospital,"Kerugoya-Karatina Rd, Kerugoya Town"
Kerugoya Medical Centre,Kirinyaga,Hospital,Kerugoya-Karatina Rd
Focus clinical and diagnostic Centre,Kirinyaga,Clinic,Mutige Kiboti building ground floor
,,,
Kisii,,,
Aga Khan university Clinic,Kisii,Hospital,"Kisii Town, Opp. Sate Lodge"
Ram Hospital,Kisii,Hospital,Next to Law Courts
Hema Hospital,Kisii,Hospital,Stadium Road
Nyangena Hospital,Kisii,Hospital,Kisii-Suneka Road
Optica Ltd. (Opticians),Kisii,Optical,"Kisii, Old Sansora Building,Sansora Road"
Baus Optical,Kisii,Opticians,"Along Kisumu road,Ouru Complex Building"
,,,
Kisumu,,,
Bondo Medical Clinic,Kisumu,Hospital,Bondo Town Opp. Bondo Post Office
The Aga Khan Hospital,Kisumu,Hospital,"AgaKhanHospital Building, Otieno Oyoo Street"
Port Florence Town Clinic,Kisumu,Hospital,"Mega Plaza, Ground Floor"
The Port Florence Community Hospital,Kisumu,Hospital,"Kisumu-Busia Road, Otonglo"
Clinix Healthcare,Kisumu,Clinic,Kisumu Raiway Station
Dr. Walter Otieno,Kisumu,Cons Paediatrician,"Doctors Plaza,Opp New Nyanza Public Hospital"
Dr.Amos Otedo,Kisumu,Physcian,"Wedco Centre, Oginga Odinga Road"
Acacia Medical Centre Ltd.,Kisumu,Clinic,"Nakumatt Mega City, Kisumu"
Optica kisumu Ltd. (Opticians),Kisumu,Optical,"Kisumu Al-Imran Plaza, Oginmga Odinga Street"
Coptic Nursing Home,Kisumu,Hospital,Maseno-Busia Road
Baus Optical,Kisumu,Optical,"Mega City Complex, Along Kisumu road opp. Kachok"
Milimani Maternity Kisumu,Kisumu,Nursing Home,Ring Road
Dr Nerry Otieno,Kisumu,gynaecologist,reinsurance Plaza - kisumu
Dr C. Kodhek,Kisumu,Dentist,Kenya reinsurance Plaza
Western Diagnostic Centre,Kisumu,Radiology Center,Nakumatt Mega
Avenue Hospital-Kisumu,Kisumu,Hospital,
Baus Optical,Kisumu,Optical,Mega Plaza
Royal Dental Clinic,Kisumu,Dentist,Mega Plaza-Block C 3rd floor Oginga Odinga Street
Dr Sanjeev Parmar,Kisumu,Cons Paediatrician,Aga Khan Hospital Drs Plaza
Dr David Odeny,Kisumu,E.N.T Surgeon,Aga Khan Hospital Drs Plaza
Dr.Awuonda B.B.Onyango,Kisumu,Paeditrician,United mall 1st flr nxt to KCB
,,,
Kitui,,,
Jordan Hospital & Clinic,Kitui,Hospital,"Muli House, off BAT Grounds"
Shammah Medical Clinic,Kitui,Hospital,"CentralTrade Centre Building ,Next to National Bank of kenya, Biashara street"
Mumbuni Maternity & Nursing,Kitui,Hospital,Mwingi Town
Muthale Hospital,Kitui,Hospital,"Along Kitui, Muthale Mwingi Road"
Mwingi Medicare Centre,Kitui,Hospital,Behind Mwingi Library
,,,
Laikipia,,,
Nanyuki Cottage Hospital,Laikipia,Hospital,Nyeri-Nanyuki Road
Dr Njoroge D W,Laikipia,Physician,Nanyuki town
Dr Marie Wambugu,Laikipia,Opthalmologist,Laipha house - 1st floor - rm 9
Ivory Eye Cantre(Dr .Mariangela Nkatha Wambugu),Laikipia,Opticians,Laipha House Nanyuki-1st flr room no.9
,,,
Lamu,,,
Langoni Nursing Home,Lamu,Hospital,lamu town
,,,
Machakos,,,
Bishop Kioko Catholic Hospital,Machakos,Hospital,Machakos Town
Machakos Shalom Hospital,Machakos,Hospital,Mohamed Ali Road
Machakos Medical Centre,Machakos,Hospital,Co-operative Bank
Dr Alfred Mokomba,Machakos,gynaecologist,"KCB building,2nd floor"
,,,
Makueni,,,
Ebenezer Medical Clinic,Makueni,Hospital,Sultan Hamud
Makindu Nursing Home,Makueni,Nursing Home,Mombasa
,,,
Mandera,,,
Elwak Nursing Home,Mandera,Hospital,Elwak
Blue Light NursingHome,Mandera,Hospital,Blue light plaza
Superdrug Nursing Home & Diagnostic Centre,Mandera,Nursing Home,Opposite New Market Stalls
Bulla Mpya Nursing Home,Mandera,Hospital,"Mandera Main Street, opp Mandera Milk Market"
,,,
Marsabit,,,
Mountain Medical Centre,Marsabit,Hospital,Marsabit
Marsabit Modern Medical Services,Marsabit,Hospital,Marsabit
Sololo Mission Hospital,Marsabit,Hospital,Sololo
Community Medical and Lab Services,Marsabit,Clinic,Opp. Subukia Green Grocers
Moyale Nursing Home,Marsabit,Hospital,Moyale
Taqwa Nursing Home,Marsabit,Nursing Home,Biashara Street next to Taqwa Mosque
Afya Nursing Home,Marsabit,Nursing Home,Al-amin Building
,,,
Meru,,,
Precious Life Heathcare,Meru,Hospital,Precious lifehealthcare clinic
Nyambene clinical services & Nursing home,Meru,Hospital,Meru-Maua road-opp.Burieruri Secondary School
Milimani Maternity & Nursing,Meru,Hospital,"Milimani Area, near Meru Town"
Kirimara Opticals,Meru,Opticians,Njuri Ncheke Road
Aga Khan Meru Medical Centre,Meru,Clinic,"1st Floor,Hart Towers,Kenyatta Avenue"
Dr Gakuya Muthike,Meru,Consultant Orthopaedic,Mayo Medical Centre
Maua Methodist Hospital,Meru,Hospital,Next to Maua Methodist Church
St Theresa Mission Hospital Kiirua,Meru,Hospital,Kiirua
Baus Optical,Meru,Opticians,"Edfri building,groung flr next to Uchumi super"
Elephant Dental,Meru,Dentist,
,,,
Migori,,,
St. Camillus Mission Hospital,Migori,Hospital,"Karungu, Sori"
Royal Medical Clinic & Maternity Home,Migori,Hospital,Rongo
,,,
Mombasa,,,
The Aga Khan Hospital,Mombasa,Hospital,"Vanga Road, off Nyerere Avenue"
Palm Beach Hospital,Mombasa,Hospital,Diani Beach Road
Diani Beach Hospital,Mombasa,Hospital,Diani Beach Road
Nyali Health Care Ltd.,Mombasa,Hospital,"Along Links Road, Opp. Kigothos Hotel"
Pandya Memorial Hospital,Mombasa,Hospital,Dedan Kimathi Street
Jocham Hospital,Mombasa,Hospital,"off Malindi Road, Kengeleni Kisauni"
Nyail Paediatric Hospital,Mombasa,Hospital,Beach RD
Baus Optical,Mombasa,Optical,PSF Towers-Ground floor Nyerre Avenue
Optica Ltd.,Mombasa,Optical,"Mombasa, Moi Aveue, Next to Bata"
Optica Ltd-Diani,Mombasa,Optical,"Centre Point Mall, Diani, South Coast"
Tudor Health Care,Mombasa,Hospital,"Ishara Avenue, Near Kag Church"
Dr Jivaji,Mombasa,consultant cytopathologist,Cytopathology centre Nakumatt building-Likoni-ground floor
Dr.Victor Bandika Lewa,Mombasa,Paed-Gastroenterologist,Aga khan Hospital Mombasa
Dr.Issa R.M Juma,Mombasa,E.N.T Surgeon,Jocham Hospital
DR.Bernard Odhiambo,Mombasa,Orthopaedic,"Ambalal House 1st floor-South wing, room 106"
Dr. Kibet Kikwai,Mombasa,gynaecologist,Ambalal Building
Dr M G Thuo,Mombasa,Cons Paediatrician,Mombasa Hospital-Private clinics
Dr.Victor Njom,Mombasa,Opthalmologist,Aga Khan Hospital
Dr John Mutua Chamia,Mombasa,gynaecologist,NSSF building 1st Floor
Dr Rachel F Kariuki,Mombasa,Cons Pediatrician,NSSF building 3rd Floor
Sayyida Fatuma,Mombasa,Hospital,Kisauni
Mewa Hospital,Mombasa,Hospital,Majengo
Pathologists Lancet Kenya,Mombasa,Laboratory Services,Biashara building Ground flr
,,,
Muranga,,,
Kangema Medical Services,Muranga,Hospital,"Kangema Town, Next to Equity Bank"
Jade Wasafiri Ltd. (Chemist),Muranga,Chemist,"Kenyatta St,Opp. Consolidated Bank"
Kiriani Mission Hospital,Muranga,Hospital,Kiriani Town
Githumu Mission Hospital,Muranga,Hospital,"Kangare, Muranga"
Kimkan Health Services,Muranga,Hospital,
"Focus clinical and diagnostic Centre,",Muranga,Clinic,Wamuchiri building Ground Floor
,,,
Nairobi,,,
Phamart Health Care,Nairobi,Clinic,Nakumatt Lifestyle
Dr Ann Kihara,Nairobi,Gynaecologists,Ruby Medical Centre-Electricity House 3rd floor rm 31d
Dr P Kamau Njoroge,Nairobi,Orthopaedic Consultant,KNH drs Plaza suite 43
Aga Khan University Medical Centre,Nairobi,Hospital,"1st Floor, Kenya national library Building,Buru buru Phase 2"
Meridian Medical Centre,Nairobi,Clinic,Buruburu Business Complex
Metropolitan Hospital,Nairobi,Hospital,"Rabai Road, BuruBuru"
Anchor Medical Consultants-,Nairobi,Hospital,BuruBuru
Clinix Healthcare,Nairobi,Clinic,Inside St James Church Social Hall 1st floor
Gertrudes Garden Clinic,Nairobi,Hospital,"Donholm, Next to Solar House"
Meridian Medical Centre,Nairobi,Clinic,"Donholm, Behind Caltex"
AMREF Flying Doctor Service,Nairobi,Evacuation Facility,"Wilson Airport, off Langata Road"
Gertrudes Garden Clinic,Nairobi,Clinic,"Lavington, Othaya Road"
Lions sightfirst Eye Hospital- Loresho,Nairobi,Hospital,Kaptagat Road
Gertrudes Garden C. Hospital,Nairobi,Hospital,Muthaiga Road
Gertrudes Garden Clinic,Nairobi,Hospital,"Nairobi West, Kodi Road"
Nairobi West Hospital,Nairobi,Hospital,"Gandhi Avenue, Nairobi West"
Meridean Equator Hospital,Nairobi,Hospital,"Bukani Road, Nairobi West"
Canaan Health Providers,Nairobi,Clinic,"Corner House, 1st Floor,Mama Ngina Street"
SDA Health Services,Nairobi,Clinic,"Milimani Road, Opp. Integrity Centre"
ANKH Womens Clinic,Nairobi,Clinic,"N.H.I.F Building, 2nd Floor, Upperhill"
Ben-Ammi Medical Centre,Nairobi,Clinic,"N.H.I.F Building, 2nd Floor, Upperhill"
Kenyatta National Hospital- Private Wing,Nairobi,Hospital,Upper Hill
Aga Khan Diagnostic Center - X-ray Services,Nairobi,Radiology Center,"Upperhill Medical Centre, 1st Floor"
Upper Hill Radiology Center,Nairobi,Hospital,"5th Avenue Building, 5th Ngong Avenue, 3rd Floor, Suite No.9"
Dr. C. N. Wamanda,Nairobi,Cons Paediatrician,Nairobi Hospital Drs Plaza
Dr Safwat Andrawes,Nairobi,paediatric Surgeon,Nairobi Hospital Drs Plaza
Dr. Joy Mpaata,Nairobi,Paediatrician,Nairobi Hospital Lab Building
Dr A K Montet,Nairobi,Paediatrician,Upper Hill Medical Centre
Dr Stephen Muhudhia,Nairobi,Cons Paediatrician,Nairobi Hospital New Drs Plaza
Dr. Hilda Njuki,Nairobi,Pediatrician,"ICEA Building, 2nd Floor"
Dr. Ian kaburu,Nairobi,Cons Pediatrician,Nairobi West Childrens Clinic
Dr K C Wafula,Nairobi,Cons Paediatrician,"Aga Khan Drs Plaza, Room 237"
Dr. Gachare L. N.,Nairobi,Cons Paediatrician (Chest Specialist),Upper Hill Medical Centre
Dr. Mrs. Somaya Adrawes,Nairobi,General & Laparoscopic Surgeon,"Nairobi Hospital, Doctors Plaza"
Dr Hamdun said Hamdun,Nairobi,Pediatric Surgeon,KNH Drs Plaza
Dr Doris Kinuthia,Nairobi,Pediatric Urologist,Aga khan drs Plaza
Dr Laving Ahmed,Nairobi,Pediatric Gastroenterologist,Aga khan drs Plaza- Suite 430
Dr Peter Ngwatu,Nairobi,Pediatric Gastroenterologist,Upper hill medical centre
Dr Nyambura Kariuki,Nairobi,Pediatrician/Haematologist,Nairobi hosp drs plaza room 110
Dr Gacheri Nyamu,Nairobi,Consultant Paeditirician ( Neonatologist),Nairobi hosp drs plaza
Dr. Miriam Karanja,Nairobi,Paediatrician,KNH Doctors Plaza
Dr.Wanyoike,Nairobi,Paediatrician,Lylic Hse 7th flr Kimathi St.
DR. Peter Kamau Njoroge,Nairobi,Orthopaedic Surgeon,KNH Doctors Plaza
Dr Andrew Malavu,Nairobi,Paediatrician,"Yaya Centre, 3rd floor room 13"
Dr Kingondu Timothy m.,Nairobi,Chest Specialist/Physician,Nairobi hosp drs plaza
Dr Paul Wangai,Nairobi,Cons Paediatrician,"Post Bank House 3rd Floor/ Aga Khan Drs Plaza Rm116,"
Dr Kimani Gicheru,Nairobi,Cons Paediatrician,Upper hill medical centre
Dr. D. W. Muhindi,Nairobi,Chest Specialist/Physician,Nairobi hosp drs plaza
Dr Simon Wairagu,Nairobi,physician urologist,"Post Bank House 3rd Floor/ Aga Khan Drs Plaza Rm116,"
Dr Kibowen Torotich,Nairobi,Physcian,Bruce House
Dr.Omondi Oyoo,Nairobi,Rheumatologist,"Fort Granite, Suite B4, Bishops Rd, Next To Loreto Convent"
Dr George M. Ogweno,Nairobi,gynaecologist,Ngong Road
Dr.Ngayu Godfrey,Nairobi,gynaecologist,"I.C.E.A Build, 2nd Floor,landmark plaza opp nrb hospital"
Dr.Khisaweston Wakasiaka,Nairobi,gynaecologist,"Family Health Clinic, Hurlingham, Nyaku Hse 2nd Fl."
Dr. Jean Kagia,Nairobi,Gynaecologist,Upper hill medical centre
Dr. Kagema Frank,Nairobi,gynaecologist,"Nyaku House Behind Barclays Bank,"
Dr. Rukaria Kaumbutho,Nairobi,gynaecologist,Aga Khan Hospital
Dr N G Thagana,Nairobi,gynaecologist,Upper hill medical centre
Dr. Gichuru Kamau,Nairobi,Gynaecologist,KNH Drs Plaza Suite 16
Dr. Barbara Magokha,Nairobi,Gynaecologist,"Unipen Apartment, 2nd Floor, Hurlingharm"
Dr Col.Paul Ngumbi,Nairobi,Gynaecologist,Upperhill medical centre
Dr Muriithi Waruingi,Nairobi,Gynaecologist,Arrow house 1st floor
Dr. Wanyoike Gichuhi,Nairobi,Gynaecologist,Upper hill medical centre
Dr. Esther Wanjohi,Nairobi,Gynaecologist,Nairobi hospital 3rd floor Room 305
Dr Kigen Bartilol,Nairobi,Gynaecologist,Ben Amni Clinic-NHIF building 2nd floor
Dr. Okonji Mark,Nairobi,Psychiatrist,Nairobi Hospital Plaza
Dr Rachel Kangethe,Nairobi,Psychiatrist,Karen Hospital/Aga Khan Plaza
Dr. Pius Kigamwa,Nairobi,Psychiatrist,"Aga Khan, Doctors Plaza/Nrb.hosp.Doctors Plaza"
Dr Frank Njenga,Nairobi,Psychiatrist,Upperhill Medical
Dr Donald P. Oyatsi,Nairobi,Neuro- Paed,Benuda plaza off ngong road
Prof.E.O Amayo,Nairobi,neurologist,Neurology centre Hurlingham
Dr. Y. B. Sonigra,Nairobi,Thoracic & Cardiovascular Surgeon,Akh Plaza Rm 301
Dr. Mark Joshi,Nairobi,Cardiologist,Nrb hosp drs Plaza
Dr J C Munene,Nairobi,Cardio-Thoracic Surgeon,Upper hill medical Centre/Nairobi hospital drs plaza
Dr Robert Mathenge,Nairobi,Cardio- Physcian,Equatorial Heart Clinic
Dr Thomas Mutie,Nairobi,gastro-Entrologist( Physician),Nairobi Hosp drs plaza
Dr Betty M. Musau,Nairobi,gastro-Entrologist( Physician),Nairobi Hospital Consulting Rooms
Dr. Smita P. Devani,Nairobi,gastro-Entrologist( Physician),Aga Khan Hosp. Plaza
Dr. Kairu S. M,Nairobi,gastro-Entrologist( Physician),"Menelik Medical Centre,off Ngong Rd"
Dr. W. M Kiraitu,Nairobi,gastro-Entrologist( Physician),"General Accident House, 3rd Floor"
Dr. Eliud Njuguna,Nairobi,Oncologist,"Knh/Nairobi Radiology, MP Shah Hospital, Doctors plaza 3rd floor"
Dr. Othieno Abinya,Nairobi,Oncologist,"Hurlingham Medicare Plaza, 3rd Fl"
Dr. M. D. Maina,Nairobi,Cons. Physician/ Haematologist,"Pan Africa Ins. Arcade, Suite 12, Hurlingham"
Dr Paul ngugi,Nairobi,Physician -Endo Crinologist,Nairobi hosp drs plaza
Dr. Eva Njenga,Nairobi,Physician -Endo Crinologist,"Nairobi hosp drs plaza, Landmark Do ctors plaza"
Dr. Alice Musibi,Nairobi,Oncologist,5th Avenue Building opp.Traffic police HQ
Dr. H. Waweru,Nairobi,Dermatologist,Upperhill Medical Centre
Dr. Miyanji Melanie,Nairobi,Dermatologist,"Aga Khan, Doctors Plaza"
Dr Wanyika HW,Nairobi,Dermatologist,Ben Amni Medical Centre-Nhif Building 2nd Floor
Dr. Kitili Peninah N. (Mrs),Nairobi,Dermatologist,Hurlingham Medical centre Next to Total
Baus Optical,Nairobi,Optical,Hilton Hotel
Optica Ltd.,Nairobi,Optical,"T- Mall, 1st Floor, Langata Road"
Optica Ltd.,Nairobi,Optical,"Moi Avenue, Next to Nairobi Sports House"
Omega Opticians,Nairobi,Optical,Moktar Daddah Street
Eye Care Consultants,Nairobi,Optical,Fedha Towers
Star Optics,Nairobi,Optical,standard street
EyeStyle Opticians,Nairobi,Optical,"Research International Centre, GF, Mpaka Road westlands"
Eagle eye laser & diagnostic centre Services,Nairobi,Optical,"5th Avenue,3rd Floor, Ngong Road"
Dr Oscar Onyango( Nairobi eye associates),Nairobi,Opthalmologist,General Accident House
Dr. Onyango Ogony,Nairobi,Opthalmologist,"Corner House, Kimathi Street"
Dr. Masinde Michael Sajabi,Nairobi,Opthalmologist,"Nairobi Hospital, Doctors Plaza,G.Floor"
Prof. Henry S. Adala,Nairobi,Opthalmologist,"Utalii Hse 1st Fl, Uhuru Highway"
Dr. Millicent Muthoni Kariuki-Wanyoike,Nairobi,Opthalmologist,Upper hill medical centre
Dr M M Bhaiji,Nairobi,Opthalmologist,M P Shah Hospital
Dr. Omondi Peter Charles,Nairobi,Dentist,"Jubilee Ins. Exchange, Mama Ngina St."
Dr. Kanyogo Rufus,Nairobi,Dentist,"Fort Granite Flats, Behind Chancery, Off Valley Rd."
Goldmed Dental Clinic/Dr Rufus Kamundia,Nairobi,Dentist,Tse Building Ground Floor/Biashara St
Dentplan,Nairobi,Dentist,Consolidated Bank Hse 3rd Fl.
Dr Dorcas Wanjiru,Nairobi,Dentist,"Cape Office Park,6th Floor,Ring Road Kilimani Opp.Yaya Centre"
World Ministries International,Nairobi,Dentist,South C At The Corner Of Ole Shapara & Muhuti Avenue.
Molars Dental Practice,Nairobi,Dentist,Electricity House 3rd Floor. Harambee Ave.
Dr Nisha Sapra,Nairobi,Dentist,Uhmc/3rd Flr Rm 3a
Dr Ken Salamba,Nairobi,Dentist,Nairobi Hosp - Drs plaza - new consulting Rooms
Dr David Oyugi,Nairobi,Dentist,Lonrho house 12th Floor
Dr Kasi Majani,Nairobi,Dentist,Bemuda Plaza- hurlingham medicare plaza
Prof. John Adwok,Nairobi,General Surgeon,Nairobi Hospital Doctors Plaza
Dr. M. R. Khan,Nairobi,General Surgeon,Nairobi Hosp New Doctors Plaza
Dr Richard Baraza,Nairobi,General Surgeon,Nairobi Hosp.And Consultation Rooms
Dr Paul Odula,Nairobi,General Surgeon,Medicare plaza Room 408
Dr. Jumba George F.,Nairobi,General Surgeon,Aga Khan Drs Plaza
Dr B.N Waitara,Nairobi,General Surgeon,Electricity house
Dr Joseph Githaiga,Nairobi,General Surgeon,Nairobi Hospital drs pLaza
Dr S N K Waweru,Nairobi,General Surgeon,consolidated hse-2nd flr/Nelson Awori-4th Flr
Dr S. Maina Kanyi,Nairobi,General Surgeon,Upperhill medical centre
Dr Peter Mungai Ngugi,Nairobi,Consultant Surgeon / Urology,Upperhill medical centre
Dr Charles Murithi,Nairobi,E.N.T Surgeon,Ben Amni Medical-NHIF building
Dr. Okoth Olende Chimmy,Nairobi,E.N.T Surgeon,"Nairobi Ent Clinic,Nairobi hosp Drs plaza"
Dr. Mugwe Peter,Nairobi,E.N.T Surgeon,"Hazina Medical Consultants Clinic, Hazina Towers"
Dr. Isaac Muthure Macharia,Nairobi,E.N.T Surgeon,Hurlingham Medicare Plaza
Dr. Samuel Kioni Warugongo,Nairobi,E.N.T Surgeon,Knh Drs Plaza No. 11 & Mp Shah Hosp Drs Plaza 1st Fl.
Dr. Sonigra J. B,Nairobi,E.N.T Surgeon,Mater/Tumaini House
Dr Macharia Muchiri/Dr Musa Kipingor,Nairobi,E.N.T Surgeon,"Hurlingham Ear,Nose And Throat Clinic"
Dr Edwin Rono,Nairobi,Maxillo-facial consultant,Mp shah Hospital 3rd Floor Rmt6
Dr J F Onyango,Nairobi,Maxillo-facial consultant,Nairobi Hospital
Dr Eric Kahugu,Nairobi,Maxillo-facial consultant,Upperhill Medical Centre
Dr Vincent M. Mutiso/Dr Murila,Nairobi,Consultant Orthopaedic,Nairobi Hospital New Doctors Plaza
Dr. Calisto Odongo,Nairobi,Orthopaedic,Knh Doc Plaza
Prof. Gakuu L. N.,Nairobi,Consultant Orthopaedic,Menelik Medical Centre
Dr Neeraj Krishna,Nairobi,Orthopaedic Surgeon,M P Shah Hospital
Dr David Kinyanjui,Nairobi,Orthopaedic Surgeon,Knh/Ben Amni-Nhif Building
Dr Julius Kiboi,Nairobi,Neuro-Surgeon,M P Shah Hospital
Dr Gichuru Mwangi,Nairobi,Neuro-Surgeon,M P Shah Hospital/ Knh Plaza Suite 39
Dr. Akuku Okoth,Nairobi,Neuro-Surgeon,Olive tree
Dr. Oluoch-Olunya David L.,Nairobi,Neuro-Surgeon,Nairobi Hospital
Dr. Wachira Murage,Nairobi,Gynaecologist,Consolidated Bank Hse-Koinange Street/ KNH Drs Plaza Suite 15
Inkamed Pharmaceuticals,Nairobi,Pharmacy,Uchumi House ground Flr
All Kam Pharmacys,Nairobi,Pharmacy,IPS Building/Cargen House/Mpaka Plaza - westlands
Brick Pharmacy Nairobi,Nairobi,Pharmacy,Adams Arcade Shopping Centre
Jacaranda Chemist,Nairobi,Pharmacy,"Nairobi,Kimathi Hse Grd Floor"
All Eltons Pharmacy,Nairobi,Pharmacy,Reinsurance plaza -Town/
Legrande Speciality Pharmacy,Nairobi,Pharmacy,"5th Avenue Building, 3rd floor suite 2 Ngong Road"
Lemuma Pharmacy,Nairobi,Pharmacy,Tom Mboya(KTDA) /Moi Ave/Mfangano
Sears Pharmacy,Nairobi,Pharmacy,"Rehani House, Banda Street Off Koinage"
Westlands Medical Centre & Priority Chemist,Nairobi,Pharmacy,"Reliance Centre Grd Flr, Woodvale Groove Street Westlands"
Raj Pharmacy,Nairobi,Pharmacy,Opposite Nairobi Hospital
Chiromo Lane medical Centre (Bustani)-Psychiatric unit,Nairobi,Hospital,Muthangari drive â€“ Muthangari 37
Meridian Medical Centre,Nairobi,Clinic,"Yaya Centre, 3rd Floor"
Melchezedek Hospital,Nairobi,Hospital,Naivasha Road
Diagnostic Center - X-ray Services,Nairobi,Radiology Center,"Avenue Hospital, 1st Ave. Parklands"
Clinix Healthcare Haileselaise,Nairobi,Clinic,Agip Petrol Station next to Barclays
Aga Khan University Medical Centre,Nairobi,Hospital,"Jubilee Exchange Building, 6th Floor"
Karen Clinic,Nairobi,Clinic,Chester House- Kenyatta Avenue
Acacia Medical Centre Ltd.,Nairobi,Clinic,"General Accident House, Ralph Bunche Road"
AAR Clinic,Nairobi,Clinic,George Williamson Nairobi
Nairobi Hospital,Nairobi,Hospital,Argwings Kodhek Rd
Meridian Medical Centre,Nairobi,Clinic,"Nation Centre, 11th Floor"
Diagnostic Center - X-ray Services,Nairobi,Radiology Center,"Jubilee Insurance House, 3rd Floor, Wabera street"
Jamaa Home $ Maternity,Nairobi,Hospital,"Hospital, Uhuru estate"
Pathologists Lancet - Kenya,Nairobi,Laboratory Services,"5th Avenue Building,opp. Traffic Police HQ"
Nairobi imaging solutions X-ray Services,Nairobi,Radiology Center,General Accident House
Meridian Medical Centre,Nairobi,Clinic,"Jivan Bharat House - City Square, Ground Floor"
Nairobi Out Patient Medical Centre,Nairobi,Clinic,Muindi Mbingu St - windsor house
Gilead Medical Centre,Nairobi,Clinic,Nssf Building
Meridian Medical Centre,Nairobi,Clinic,"Landmark Plaza, 2nd Floor"
Sims Women Health Clinic,Nairobi,Clinic,"General Accident House,1st Floor Ralph Bunche Road"
Acacia Medical Centre Ltd.,Nairobi,Clinic,"I.C.E.A Building, 2nd Flr, Kenyatta Ave"
Clinix Healthcare,Nairobi,Clinic,"Rift valley Railways,"
Karen Hospital,Nairobi,Hospital,"Langata Road, Karen"
Langata hospital,Nairobi,Hospital,Opposite Uhuru Gardens Primary School.
New Langata Medical Centre,Nairobi,Hospital,Uhuru Gardens
Star Optics,Nairobi,Optical,Nakumatt Galleria â€“BOMAS
Meridian Medical Centre,Nairobi,Clinic,"Rongai,"
Mater Hospital,Nairobi,Hospital,Dunga Road
Gertrudes Garden Clinic,Nairobi,Hospital,"Nakumatt Embakasi, 1st Floor"
The Aga Khan University Hospital,Nairobi,Hospital,3rd Parklands Avenue
M. P. Shah Hospital,Nairobi,Hospital,"Shivachi Road, Parklands"
Meridian Medical Centre,Nairobi,Clinic,"The Mall, 2nd Flr, Next to DSTV Sho"
Gurunanak R. Sikh Hospital,Nairobi,Hospital,Muranga Road
Diagnostic Center - X-ray services,Nairobi,Radiology Center,Muthithi Road
Mediheal Diagnostic,Nairobi,Hospital,3rd Parklands Avenue opp. Agakhan Hospital
Ruiru Hospital,Nairobi,Hospital,"Ruiru Town, off Thika Road"
St. John Ambulance Kenya,Nairobi,Ambulance Services,"St. John House, Harambee Avenue"
Emergency Ambulance services,Nairobi,Ambulance Services,Redcross society
Savanna Health Care Clinic,Nairobi,Clinic,Koinage street -Consolidated Bank House
Aga Khan University Medical Centre,Nairobi,Hospital,"Prestige Plaza, 2nd Floor, Ngong Road"
Coptic Hospital,Nairobi,Hospital,"Ngong Road,off Kindaruma Road"
Nairobi Womenâ€™s Hospital,Nairobi,Hospital,"Ngong Road, Opp. Adams Acarde & Hurlingham branch"
Menelik Medical Centre,Nairobi,Hospital,"Menelik Road, off Ngong Road"
Dr. Philip Simani,Nairobi,Rheumatologist,Prof Nelson Awori Centre
Dr Emma Karari,Nairobi,cardio- Physcian,5th Ngong Avenue- Lancet Building
Haltons Pharmacy,Nairobi,Chemist,Kasarani- Mwiki road oppo.Naivas supermarket
Haltons Pharmacy,Nairobi,Chemist,Zimmerman
Dr Lyanda Musima,Nairobi,Dentist,Prof Nelson Awori Building
Upperhill Radiology Centre,Nairobi,X-Ray Services,5th Avenue Office Suites
Mercy medical centre,Nairobi,gynaecologist,Jubilee Insurance House
Aga - Khan Ongata Rongai Medical Centre,Nairobi,Clinic,"1st Floor,Ongata Mall complex"
T-Mall Medical Centre,Nairobi,Clinic,"1st Floor,T-mall,Langata Road"
Aga Khan Embakasi Medical Centre,Nairobi,Clinic,"Pipeline area,Outering Road"
Dr Stella Kubasu,Nairobi,Dentist,Prof Nelson Awori 4th Floor wing A
Ruaraka Uhai Neema hospital,Nairobi,Hospital,Thika Road
Prime Diagnostics Centre,Nairobi,Cardio- Physcian,KMA CENTRE
M-CARE CLINIC,Nairobi,cardio- Physcian,"TITAN BUILDING 1ST FLOOR, CHAKA ROAD KILIMANI"
Kileleshwa Medical Plaza,Nairobi,Clinic,Next to Kileleshwa Pharmaceuticals ltd
Dr Daisy Ndwiga,Nairobi,Cons Paediatrician,Jubilee Insurance Exchange - 4th Floor room 437
Dr Lyudmyla Shchukina,Nairobi,Cons Paediatrician,"5th Avenue Plaza, 7th Floor RM 16"
Dr Oburu G Jagero,Nairobi,Cardio-Thoracic Surgeon,KMA PLAZA
Dr Violet Okech,Nairobi,Psychiatrist,KNH DRS PLAZA SUITE 17
Acacia Surgical and Breast clinic,Nairobi,General & Laparoscopic Surgeon,Prof Nelson Awori Center
M - Care Clinic,Nairobi,Clinic,Ralph - Bunche Road
Dr Joshua Mwangi,Nairobi,General Surgeon Consultant,"National Bank Building ,South Podium"
Dr. Nangole F Wanjala,Nairobi,Plastic and Reconstructive Surgeon,General Accident Hse 3rd Flr.Suite 2
Eye Tech Ltd,Nairobi,Opticians,Nakumatt Ngong Rd(Prestige Plaza
Eye Tech Ltd,Nairobi,Opticians,Capital Centre(Mombasa Rd)
Eye Tech Ltd,Nairobi,Opticians,Ground floor Tana House Karen
Eye Tech Ltd,Nairobi,Opticians,Nakumatt Ridgeways
Miliki Afya Limited,Nairobi,Clinic,Karen
Lions Sight First Eye Hospital,Nairobi,Hospital,Kaptagat Road- Loresho
Nairobi Premier Dental Clinic,Nairobi,Dentist,7th Floor Kimathi House
Dr. Nicholas Gichu,Nairobi,Dentist,Samaj Building Along Muhoho Avenue
Dr. Shashikant Chhotabhat Patel,Nairobi,Consultant Surgeon / Urology,Aga Khan Drs Plaza
Dr.Florence Mukii,Nairobi,gynaecologist,Jubilee Insurance Exchange
Dr Onesmus Gachuno,Nairobi,Obs/Gynaecologist,KMA Centre
AIC Kijabe Hospital,Nairobi,Hospital,KIjabe
Dr.Bernadine Lusweti Muthumbi,Nairobi,Cons Paediatrician,Parklands Medi Plaza
Mariakani Cottage Hospital,Nairobi,Hospital,Utawala-Embakasi
Karibu Medical Centre,Nairobi,Clinic,"Nyaku House Hurligham,Argwings Kodhek Rd"
Baus Optical,Nairobi,Opticians,Tuskys business centre near tuskys stage
Baus Optical,Nairobi,Opticians,"Krishna centre,mezzanine flr B14,Woodvale grove"
Baus Optical,Nairobi,Opticians,"Uchumi supermarket,fairlane building 1st flr"
Baus Optical,Nairobi,Opticians,"Along Murangá road,Twiga towers,groung floor"
Baus Optical,Nairobi,Opticians,"Standard street,680 building,ground floor"
Baus Optical,Nairobi,Opticians,"Nginyo Towers,ground flr,Koinange street"
Baus Optical,Nairobi,Opticians,"First floor china centre building,ngong road"
Dr Alfred Mokomba,Nairobi,gynaecologist,"KMA Centre,2nd floor No.208"
Dr Philip K Kisyoka,Nairobi,cardio- Physcian,"3rd Floor Room 308 Nairobi Doctors Plaza, Arwings"
Dr Charles Kariuki,Nairobi,Cardiologist,"Nairobi Doctors Plaza, Argwings Kodhek Road,"
BENAMMI Pharmacies ltd,Nairobi,Pharmacy,"NHIF building,2nd floor,Upperhill"
BENAMMI Medical centre,Nairobi,Clinic,"NHIF building,2nd floor,Upperhill"
Prof.Dalton C.Wamalwa,Nairobi,Paediatrician,"Nairobi Womenâ€™s Adams Block B,2ND Flr"
Pope John Paul II Huruma Health Centre,Nairobi,Hospital,Muthaiga
Dr.David Duro Galgallo,Nairobi,Paediatrician,
St.Francis community hospital,Nairobi,Hospital,KASARANI
Dr.Bernard Ndungu,Nairobi,General Surgeon,
,,,
Nakuru,,,
Aga Khan University Medical Centre,Nakuru,Hospital,"Moi Road, Next to Posta Naivasha"
Mt. Longonot Medical Services,Nakuru,Hospital,Kenyatta Street
Nakuru War Memorial,Nakuru,Hospital,Kabwe Drive
Mediheal Hospital,Nakuru,Hospital,Nakuru-Nairobi highway
Evans Sunrise Medical Center,Nakuru,Hospital,"West Road, off Oginga Odinga Avenue"
Optica Ltd. (Opticians),Nakuru,Optical,"Nakuru, Kenyatta Avenue"
Karen Clinic Nakuru Town,Nakuru,Clinic,"Kenyatta venue, Post Bank Building"
Clinix Healthcare,Nakuru,Clinic,Nakuru Railway Station
Peekay Pharmacy,Nakuru,Chemist,Menegai Buildling
Naivasha Medical centre,Nakuru,Clinic,"Ground flr,Eagle Centre on Mbaria Kania Road"
Nakuru Medical Centre,Nakuru,Clinic,"4th Flr,Riva Business Centre Kenyatta avenue."
Baus Optical,Nakuru,Opticians,"Kenyatta Ave,opp club Dimples"
,,,
Nandi,,,
Kapsabet Health Care,Nandi,Hospital,Kapsabet Town
Nandi Hills Medicare Clinic,Nandi,Clinic,Nandi Hills
,,,
Narok,,,
Maasai Nursing Hospital,Narok,Hospital,
,,,
Nyandarua,,,
The Nyahururu Private Hospital,Nyandarua,Hospital,"Next to Muthaiga S.Market, Nyahururu"
,,,
Nyeri,,,
Jamii Hospital,Nyeri,Hospital,"Kuguru Road, Karatina"
Jade Wasafiri Ltd. (Chemist),Nyeri,Chemist,"Three In One Hotel, Next to the Bus Stop"
Outspan Hospital,Nyeri,Hospital,Next to the Outspan Hotel
Consolata Hospital Mathari,Nyeri,Hospital,Ihururu Road
Tumu Tumu P.C.E.A Hospital,Nyeri,Hospital,"Karatina, off KRT-Nyeri Rd,"
Optica Ltd. (Opticians),Nyeri,Optical,"Nyeri, Kimathi Way"
Karen Clinic,Nyeri,Clinic,Caledonia House
Kirimara Opticals,Nyeri,Opticians,Gakere Road
Aga Khan - Nyeri Medical Centre,Nyeri,Clinic,"ground Flr,Prestige Plaza,Kimathi way"
Dr. Kanyingi,Nyeri,Cons Paediatrician,National Bank Building 2nd Floor
Dr. Njuguna P. Samuel MBCH.B(UoN) M.Med,Nyeri,Obs/Gynaecologist,Kimathi House Mawaidha House Block B.
Cedco Pharmacy,Nyeri,Chemist,Nyeri
Baus Optical,Nyeri,cardio- Physcian,Along Kimathi Klay located at prestige plaza
Great Batian Optical,Nyeri,Opthalmologist,"New Batian Hse,1st floor room 12,Gakere road"
Nomad Dental,Nyeri,Dentist,
,,,
Siaya,,,
Bama Nursing & Maternity Home,Siaya,Hospital,Siaya Town
,,,
Taita-Taveta,,,
Voi Medical Centre,Taita-Taveta,Hospital,"Next to KCB Bank, Voi Town"
,,,
Tharaka-Nithi,,,
Elgon Samaritan ENT & General Medical Clinic,Tharaka-Nithi,Nursing Home,Chuka town
Hope Medical Centre,Tharaka-Nithi,Hospital,NTIGA MOTORS PLAZA
,,,
Tororo,,,
Clinix Healthcare-Tororo,Tororo,Clinic,Tororo
,,,
Trans Nzoia,,,
Cherangany Nursing Home,Trans Nzoia,Hospital,"Eldoret-Kitale Rd,near the Round about"
DR USAGI MBULIKA,Trans Nzoia,Cons Paediatrician,"CRYSTAL MEDICAL CLINIC,MOI AVENUE"
,,,
Turkana,,,
Kakuma Medical Clinic,Turkana,Hospital,Kakuma town
Tumaini Medical Centre,Turkana,Hospital,Lodwar
Afya Bora Health Services,Turkana,Hospital,Kobil Town Road/ Afya Bora Hse
Loima MedicalClinic,Turkana,Hospital,Lodwar
AIC Health Centre,Turkana,Hospital,Lokichoggio
kakuma mission Hospital,Turkana,Hospital,Kakuma
Lodwar Medical Centre,Turkana,Clinic,Sale Yard Road Opp Juluok Computer Centre
,,,
Uasin Gishu,,,
Mediheal Hospital &fertility centre,Uasin Gishu,Hospital,Nandi Road â€“Eldoret
Eldoret Hospital,Uasin Gishu,Hospital,Makasembo Street
"Moi Teaching & Referral Hospital, Memorial Wing",Uasin Gishu,Hospital,Nandi Road
Optica Ltd. Eldoret,Uasin Gishu,Optical,"Eldoret, Kenyatta Street"
Aga khan - Eldoret Medical centre,Uasin Gishu,Clinic,"Grnd.Flr,Zion Mall,Next to catholic cathedral."
Reale Medical Centre,Uasin Gishu,Hospital,Eldoret
Baus Optical,Uasin Gishu,Optical,"Along Oginga Odinga Strt,Next transnational bank"
,,,
Vihiga,,,
Sabatia Eye Hospital,Vihiga,Hospital,Chavakali-kapsabet road
,,,
Wajir,,,
Manshallah Medical Clinic,Wajir,Clinic,Habaswein
Jeddah Nursing Home & pharmacy,Wajir,Hospital,Wajir
Plaza Maternity hospital,Wajir,Hospital,Wajir Town
Samaad Hospital,Wajir,Hospital,Moyale Road
Samaad Hospital,Wajir,Hospital,WAJIR TOWN
,,,
West Pokot,,,
Bwena Medical Center,West Pokot,Clinic,Kapenguria