,PHARMACIES,,,,
,,,,,
No,NAMES,E-mail,Phone number,Type of Service,LOCATION
1,TETA PHARMACY,tetapharmacy@gmail.com,+250788460549,Dispensing Medicines,KIMIRONKO
2,SABANS PHARMACY (REMERA),sabans.pharmacy@yahoo.com,(+250)788394007,Dispensing Medicines,REMERA
3,SANA PHARMACY,pharmacysana@gmail.com,+250788687992,Dispensing Medicines,NYARUGENGE
4,PHARMASAVE,gahongayiremo@yahoo.fr;pharmasaverwanda@gmail.com,+250788421118,Dispensing Medicines,KACYIRU
5,SANOPHAR,sanophar.pharmacy@gmail.com,+250788439891,Dispensing Medicines,KIMISAGARA
6,PHARMACIE IRAMIRO,bizimungudavid8@gmail.com,+250788302337,Dispensing Medicines,NYAMIRAMBO
7,PHARMACIE SHEMA,pharmacieshema@gmail.com,"""+250785740998",Dispensing Medicines,NYARUGENGE
8,BOVAN PHARMACY,bovanltd@gmail.com,'+250788358085,Dispensing Medicines,NYABUGOGO
9,LE NORMAL PHARMACY,lenpharmacy@gmail.com,+250788601460,Dispensing Medicines,GIKONDO
10,SCORE PHARMACY,scorepharmacy@gmail.com,+250783448585,Dispensing Medicines,NYARUGENGE
11, MEDIASOL PHARMACY,nyarugenge@mediasolpharma.com,"""+250788824506",Dispensing Medicines,REMERA
12,UNIPHARMA,unipharma@kiphagro.net,+250783390461,Dispensing Medicines,NYARUGENGE
13,LA DIVINE,ladivaphar@gmail.com,+250788769907,Dispensing Medicines,NYARUGENGE
14,BENI PHARMACY,pharmabeni@gmail.com,+250788842466,Dispensing Medicines,KACYIRU
15,ALLIANCE PHARMACY,nsedamas@gmail.com;alliancepharmacy8@gmail.com,+250788795053,Dispensing Medicines,NYARUGENGE
16,VINE PHARMACY,vinepharmacyrwkh@gmail.com,+250788523498,Dispensing Medicines,REMERA
17,UNIQUE PHARMACY,pharmacieunique@yahoo.fr,+250788354212,Dispensing Medicines,REMERA
18,UMURAVA PHARMACY,umuravapharmacy@yahoo.fr,+250788539713,Dispensing Medicines,NYAMIRAMBO
19,PHARMACIE REFFERENCE,,+250788433705,Dispensing Medicines,KICUKIRO
20,RAINBOW PHARMACY,rutigervis@yahoo.fr,+250788528059,Dispensing Medicines,NYARUGENGE
21,SEMU PHARMACY,semupharmacy@gmail.com,+250788679787,Dispensing Medicines,KICUKIRO
22,BUPHARMA PHARMACY KIGALI,,+250781198367,Dispensing Medicines,NYARUGENGE
23,DELIGHT PHARMACY,delightpharmacy@gmail.com,+250788565194,Dispensing Medicines,REMERA
24,PHARMACIE EZA,ezapharmacy2013@gmail.com,(+250)785022763,Dispensing Medicines,KIYOVU
25,HEALTHLINE PHARMACY,healthlinepharmacyltd@gmail.com,+250784129559,Dispensing Medicines,GASABO
26,ISHYAKA PHARMACY,kayibaba@yahoo.fr,+250788554512,Dispensing Medicines,REMERA
27,SUNBEAM PHARMACY,sunbeampharm@gmail.com,+250788425010,Dispensing Medicines,NYARUGENGE
28,RAVI PHARMACY(SABANS PHARMACY RWANDEX),virutaganda@yahoo.fr,+250788532338,Dispensing Medicines,KICUKIRO
29,GALEAD PHARMACY,pharmacygalead@yahoo.com,+250788566727,Dispensing Medicines,KICUKIRO/MASAKA
30,REGO,,+250788833514,Dispensing Medicines,KICUKIRO
31,SPERANZA PHARMACY,,+250788791642,Dispensing Medicines,REMERA
32,CARREFOUR PHARMACY,gahongayiremo@yahoo.fr,+250788561497,Dispensing Medicines,NYARUGENGE
33,PHARMAVIE,"kayitesi.agathe@yahoo.fr, pharmavieltd18@gmail.com","""+250781888165/788308765",Dispensing Medicines,NYARUGENGE
34,AXIS PHARMACY,axispharmacy.pharmacy@gmail.com,+250783570602,Dispensing Medicines,NYARUGENGE
35,PHARMACIE NOVA,novanovapharma@gmail.com,+250788457824,Dispensing Medicines,KICUKIRO
36,IHIRWE PHARMACY,,+250788639779,Dispensing Medicines,NYARUGENGE
37,MASOPHAR PHARMACY,nangeus2000@yahoo.fr,+250786096879,Dispensing Medicines,MUHIMA
38,THE SPECIALIST PHARMACY,thespecialistpharma@gmail.com,0250785023348,Dispensing Medicines,KIMIRONKO
39,ABIRWA PHARMACY ,abirwapharmacy@yahoo.com,+250782553288,Dispensing Medicines,KACYIRU
40,EXODUS PHARMACY,exoduspharma@yahoo.fr,+250788487708,Dispensing Medicines,REMERA
41,LYDDA PHARMACY,lyddapharmacie@gmail.com,+250788511274,Dispensing Medicines,KANOMBE
42,PHARMAMED,pharmacypharmamed@gmail.com,+250788650220,Dispensing Medicines,KABEZA
43,MENIPHAR PHARMACY,menipharkabeza2012@gmail.com,+250788771881,Dispensing Medicines,KABEZA
44,PHARMACIE CONTINENTALLE,pharma.continentale@gmail.com,+250788622221,Dispensing Medicines,REMERA
45,STRONG MEDICA PHARMACY,Strong-medica01@gmail.com,+25078380502,Dispensing Medicines,NYARUGENGE
46,MUHIRE PHARMACY,phmuhire@gmail.com,+250788452718,Dispensing Medicines,NYARUGENGE
47,MARANATHA PHARMACY,habyadam@yahoo.fr,+250788649553,Dispensing Medicines,KACYIRU
49,G-NOVA PHARMACY,gnovapharmacy@gmail.com,(+250)782895802,Dispensing Medicines,NYARUGENGE
50,BETHZATHA PHARMACY,,,Dispensing Medicines,NYARUGENGE
51,PHARMA LIFE,,,Dispensing Medicines,NYARUGENGE
52,PENIEL PHARMACY,penielpharmacy2012@gmail.com,(+250)788626230,Dispensing Medicines,NYARUGENGE
53,TRESOR PHARMACY,rwekazagad@yahoo.fr,(+250)788505646,Dispensing Medicines,NYARUGENGE
54,ITOTO PHARMACY,,,Dispensing Medicines,NYARUGENGE
55,FIDELE PHARMACY,,,Dispensing Medicines,NYARUGENGE
56,BRIELLA PHARMACY,,,Dispensing Medicines,REMERA
57,CYIZA PHARMACY,,,Dispensing Medicines,KICUKIRO
58,TERRANOVA PHARMACY,,,Dispensing Medicines,KICUKIRO
59,GOAL PHARMACY,,,Dispensing Medicines,
60,IREME PHARMACY,uwambayingabirea@gmail.com,(+250)785532711,Dispensing Medicines,KANOMBE
61,KEYSTONE PHARMACY,pharmakeystone2017@gmail.com,(+250)788543735,Dispensing Medicines,NYAMIRAMBO
62,NEZA PHARMACY,nezapharmacy@gmail.com,(+250)788676607,Dispensing Medicines,NYARUGENGE
63,TRAMED PHARMACY,kaberatha@yahoo.fr,(+250)788301960,Dispensing Medicines,BIRYOGO
64,PHARMEDICA PHARMACY,,(+250)788534131,Dispensing Medicines,NYARUGENGE
65,KARO PHARMACY,karopha2005@yahoo.fr,,Dispensing Medicines,KIYOVU
66,RITE PHARMACY,ritepharmacy2013@gmail.com,(+250)788697968,Dispensing Medicines,KABEZA
67,PHARMACIE DU CALME,munyeshyakakaeric@gmail.com,(+250)788346700,Dispensing Medicines,KIBAGABAGA
68,NOBILIS PHARMACY,,,Dispensing Medicines,GASABO
69,DANIA PHARMACY,ruthuwizeyimana82@gmail.com,(+250)785272091/0786899370,Dispensing Medicines,GATENGA
70,NEW HOPE PHARMACY,newhope.pharmacy@gmail.com,(+250)783106658,Dispensing Medicines,GASABO
71,PHARMACIE ROYALE,royale.pharmacy@yahoo.com,(+250)782961033,Dispensing Medicines,KIMIRONKO
72,GOODNESS PHARMACY,7peterclaver@gmail.com,(+250)787555272,Dispensing Medicines,GASABO
73,PFG PHARMACY,pfgpharmacymd@gmail.com/ jbafuruka2016@gmail.com,(+250)738300192,Dispensing Medicines,KICUKIRO
74,PARAVINA PHARMACY,paravina2019@gmail.com,(+250)788312569,Dispensing Medicines,GASABO
75,SAFECARE PHARMACY,safecarepharma1@gmail.com,(+250)781293423,Dispensing Medicines,NYARUGENGE
76,ALAMANDA PHARMACY,alamandapharmacy@yahoo.com,(+250)788611224,Dispensing Medicines,KICUKIRO
77,PHARMACIE DU PROGRES,pharmacieduprogres@gmail.com,(+250)788463839,Dispensing Medicines,KICUKIRO
78,CHALOM PHARMACY,chalompharmacyltd@gmail.com,(+250)789579539,Dispensing Medicines,KICUKIRO
79,BONA CURATIO NGOMA,ryumugabej@yahoo.fr,+250788419939,Dispensing Medicines,NGOMA
80,INITIATIVE PHARM RWAMAGANA,initiativepharmaltd@gmail.com,+250788557758,Dispensing Medicines,RWAMAGANA
81,THE GUARDIAN PHARMACY,theguardianpharmacy@gmail.com,+250786688057,Dispensing Medicines,BUGESERA
82,GRATIS PHARMACY,gratispharmacy@yahoo.fr,+250784489941,Dispensing Medicines,KAYONZA
83,SAINTE THERESA PHARMACY,mizeroany@yahoo.fr,+250788620365,Dispensing Medicines,KAYONZA
84,EMMA SANITAS PHARMACY,,,Dispensing Medicines,BUGESERA
85,TOTAL HEALTH SOLUTIONS PHARMACY,,,Dispensing Medicines,RWAMAGANA
86,SALVIA PHARMACY,,,Dispensing Medicines,NYAMATA
87,TUGANE PHARMACY,tuganepharmarmacy@gmail.com,(+250)789006167,Dispensing Medicines,GAHANGA
88,IKAZE PHARMACY,ikazepharmacy@gmail.com,(+250)786765066,Dispensing Medicines,NYAGATARE
89,PHARMACY CELIA,celiapharmacy@gmail.com,(+250)788831809,Dispensing Medicines,NYAGATARE
90,INGENZI PHARMACY,uwamour@yahoo.fr,(+250)788551095,Dispensing Medicines,NGOMA
91,LA VANILLE PHARMACY,lavanillepharmacy@gmail.com,(+250)788615891,Dispensing Medicines,RWAMAGANA
92,REMUCHAT PHARMACY,remuchatpharmacy@gmail.com,(+250)783126618,Dispensing Medicines,NYAGATARE
93,TROJANUS PHARMACY,trojanuspharmacy2017@gmail.com,(+250)787673582,Dispensing Medicines,BUGESERA
94,ADONAI PHARMACY,adonaipharmacy5@gmail.com,(+250)781082525,Dispensing Medicines,RWAMAGANA
95,PHARMACIE BON SAMARITAIN,lebonsamaritain98@gmail.com,0250784484324,Dispensing Medicines,HUYE
96,BONA CURATIO RUYENZI,,+250788527291,Dispensing Medicines,KAMONYI
97,VIVA PHARMACY,vivapharmacy11@gmail.com,+250782172937,Dispensing Medicines,HUYE
98,VICTORY PHARMACY,victorypharmac@yahoo.fr,+250783043793,Dispensing Medicines,HUYE
99,BUPHARMA PHARMACY HUYE,chanum18@yahoo.com,+250788414090,Dispensing Medicines,HUYE
100,PHARMACHOICE,,,Dispensing Medicines,MUHANGA
101,PILLAR PHARMACY,pillarpharmacy2017@gmail.com,(+250)783736990,Dispensing Medicines,MUHANGA
102,SUNRISE PHARMACY,sunrisepharmacy2017@gmail.com,(+250)788528368,Dispensing Medicines,HUYE
103,BESTCHOICE PHARMACY,,,Dispensing Medicines,MUHANGA
104,APIPHARMA PHARMACY,,(+250)788306123,Dispensing Medicines,HUYE
105,IKIREZI PHARMACY,,(+250)788568940,Dispensing Medicines,MUHANGA
106,VIEPHARMA PHARMACY,viepharmapharmacy2016@gmail.com,(+250)788690137,Dispensing Medicines,KAMONYI
107,FIDELITY PHARMACY,fidelityphcyltd@gmail.com,(+250)788412466,Dispensing Medicines,NYAMAGABE
108,INITIATIVE PHARMACY NYANZA,initiativepharmaltd@gmail.com,(+250)783556149,Dispensing Medicines,NYANZA
109,LAGO PHARMACY,lagopharmacy@yahoo.fr,+250788741201,Dispensing Medicines,RUBAVU
110,BIMOPHAR,bimenyimartin@yahoo.fr,+250788698603,Dispensing Medicines,RUSIZI
111,INGENZI PHARMACY,uwamour@yahoo.fr,+250788551095,Dispensing Medicines,RUBAVU
112,FEEL BETTER PHARMACY,feelbetterpharmacy@gmail.com,+250785666429,Dispensing Medicines,KARONGI
113,LILAC PHARMACY,lilacpharmacie@gmail.com,(+250)788623224,Dispensing Medicines,KARONGI
114,KIVUBEACH PHARMACY,kivubeachpharmacy@gmail.com,(+250)789917171,Dispensing Medicines,RUBAVU
115,VINCA PHARMACY,mumalik12@gmail.com,(+250)788455565,Dispensing Medicines,RUBAVU
116,MUHIRE PHARMACY/RUBAVU,phmuhire@gmail.com,(+250)788452718,Dispensing Medicines,RUBAVU
117,PHARMACIE IRAGUHA,iraguhapharmacie@gmail.com,+250783117737,Dispensing Medicines,MUSANZE
118,PHARMACIE EPHAR,,+250788568004,Dispensing Medicines,MUSANZE
119,HIGH MAGNIFICAT PHARMACY,hmagnificatpharma@gmail.com,+250788565308,Dispensing Medicines,MUSANZE
120,BONIPHARMA PHARMACY,,,Dispensing Medicines,MUSANZE
121,RIGHT 2030 PHARMACY,,,Dispensing Medicines,MUSANZE
122,PHARMACIE DE BYUMBA,,(+250)788649265,Dispensing Medicines,GICUMBI
123,ROYALCARE PHARMACY,royalcarepharmacy20@gmail.com,(+250)788479210,Dispensing Medicines,BUTARO
124,ACCESS PHARMACY,Accesspharmacy@gmail.com,(+250)788851754,Dispensing Medicines,GICUMBI
125,CARITATE PHARMACY,caritatepharmacy@gmail.com,(+250)780292045,Dispensing Medicines,GICUMBI
126,STE ODA PHARMACY,pharmaoda1@gmail.com,(+250)781260578,Dispensing Medicines,RULINDO
127,ANGE DIVINE PHARMACY,,(+250)783828438,Dispensing Medicines,RULINDO
128,GOLF PHARMACY,,(+250)788299909,Dispensing Medicines,KICUKIRO
129,ISONGA PHARMACY,pharmaisonga@gmail.com,(+250)789601716,Dispensing Medicines,HUYE
130,KUMERA PHARMACY,andrea@mpharma.com,(+250)790801829,Dispensing Medicines,GASABO
131,FLEURI PHARMACY,,(+250)788479307,Dispensing Medicines,MUHANGA
132,MUNA PHARMACY,munaltd0@gmail.com,(+250)788636570,Dispensing Medicines,RWAMAGANA
133,LA PREFERENCE PHARMACY,,(+250)788411838,Dispensing Medicines,HUYE
134,PHARMAPAX PHARMACY,pharmapaxpharmacy20@gmail.com,(+250)784401545,Dispensing Medicines,RUSIZI
135,LA CHARITE PHARMACY,,(+250)788625191,Dispensing Medicines,MUHANGA
136,AROME PHARMACY,pharmacyarome@gmail.com,(+250)788296204,Dispensing Medicines,MUHANGA
137,KINDNESS PHARMACY,kindnesspharmacy@yahoo.fr,(+250)785601737,Dispensing Medicines,KARONGI
138,IRAKIZA PHARMACY,,(+250)784017361,Dispensing Medicines,NYABIHU
139,PANACEA PHARMACY,panaceapharmmacy@gmail.com,(+250)788649234,Dispensing Medicines,KIGARAMA
140,MEDPLUS PHARMACY,medpluspharmacy04@gmail.com,(+250)788533474,Dispensing Medicines,NYAMIRAMBO
141,ELDORADO PHARMACY,,(+250)783615532,Dispensing Medicines,NYARUGENGE
142,HOLISTIC PHARMACY,kumutoni29@gmail.com,(+250)783121401,Dispensing Medicines,NYAGATARE
143,SUCCESS PHARMACY,,(+250)781535418,Dispensing Medicines,KIRAMURUZI
144,TUMA PHARMACY,tumapharmacy@gmail.com,(+250)788487418,Dispensing Medicines,NYAMATA
145,CLOUDS PHARMACY,,(+250)788855467,Dispensing Medicines,NYARUGENGE
146,RINDA PHARMACY,,(+250)788799311,Dispensing Medicines,
147,OMNICARE PHARMACY,omnicarepharmacyltd@gmail.com,(+250)789635153,Dispensing Medicines,GASABO
148,IGIHOZO PHARMACY,igihozophar@gmail.com,(+250)784461716,Dispensing Medicines,GASABO
149,AVANA PHARMACY,avapharmacy2020@gmail.com,(+250)785016824,Dispensing Medicines,KAYONZA
150,JIDE PHARMACY,,(+250)785615250,Dispensing Medicines,NIBOYE
151,AMAYA PHARMACY,pharmacyamaya@yahoo.fr,(+250)788456665,Dispensing Medicines,GISOZI
152,BONITAS DEI PHARMACY,bonitasdei.pharmacy@gmail.com,(+250)788669080,Dispensing Medicines,KAGUGU
153,UWABENA PHARMACY,ronnierwasa@yahoo.com,(+250)784155242,Dispensing Medicines,KAGUGU
154,HEALTHLINK PHARMACY,healthlinkpharmacyltd2020@gmail.com,(+250)788319030,Dispensing Medicines,NYARUGENGE
155,YES PHARMACY,yespharmacy2020@gmail.com,(+250)783857499,Dispensing Medicines,KINYINYA
156,UMUCYO NA GIRUBUZIMA,,(+250)785486361,Dispensing Medicines,RUHANGO
157,TRINITAS PHARMACY,trinitas pharmakeystone2017@gmail.com,(+250)788687434,Dispensing Medicines,HUYE
158,HELPHARM PHARMACY,helpharmaltd@gmail.com,(+250)788284706,Dispensing Medicines,MUHANGA
159,MEDPOINT PHARMACY,medpointpharmacyltd@gmail.com,(+250)783734461,Dispensing Medicines,KICUKIRO
160,PHARMABEST PHARMACY,pharmabest.info@gmail.com,(+250)788480022,Dispensing Medicines,REMERA
161,WESTERN PHARMACY,,(+250)783869757,Dispensing Medicines,RUBAVU
162,DELIZA PHARMACY,delizapharmacy@gmail.com,(+250)783263952,Dispensing Medicines,KIMISAGARA
163,ALCRESTA PHARMACY,crestapharmacy87@gmail.com,(+250)788805085,Dispensing Medicines,NYAMATA
164,VITA GRATIA PHARMACY,vitagratia.pharmacy@gmail.com,(+250)788454337,Dispensing Medicines,KICUKIRO
165,MAX PHARMACY ,maxpharmacy2019@gmail.com,(+250)783020584,Dispensing Medicines,RUSIZI
166,UPENDO PHARMACY,upendopharmacy2021@gmail.com,(+250)783020584,Dispensing Medicines,RUSIZI
167,TRINITY PHARMACY,vidabesong@yahoo.com,(+250)788358068/ +250787965794,Dispensing Medicines,KIBAGABAGA
168,MARY PHARMACY,"mukamarie1984@gmail.com, innohabazaza@gmail.com",(+250)788917617,Dispensing Medicines,RUHANGO
169,ADAMSON PHARMACY,exoduspharma@yahoo.fr,0788487708,Dispensing Medicines,REMERA
170,DENA PHARMACY,denapharmacyltd@gmail.com,0788406475,Dispensing Medicines,GASABO
171,MIRRA PHARMACY,pharmacymirra@gmail.com,0786730404,Dispensing Medicines,KICUKIRO
172,PHARMACIE DUPHAR,pharmacieduphare2021@gmail.com,0783318099,Dispensing Medicines,KICUKIRO
173,PHARMACY PLUS,info.pharmacyplus@gmail.com,,Dispensing Medicines,NYAGATARE
174,ELIOT PHARMACY,eliotpharmacy2021@gmail.com,"""0784027856",Dispensing Medicines,NYAGATARE
175,TERCERA PHARMACY,tercerapharma@gmail.com,0788318062,Dispensing Medicines,GASABO
176,MANZI PHARMACY,manjacque1@gmail.com,"""0788724751",Dispensing Medicines,NYAGATARE
177,UBWUZU PHARMACY,hygrestha@yahoo.fr,'+250783219180',Dispensing Medicines,
178,BLESSING PHARMACY LTD,blessingpharmacyltd@gmail.com,"""+250787967806",Dispensing Medicines,MUHANGA
179,STREAM PHARMACY,streampharm44@gmail.com,"""+250782504529",Dispensing Medicines,GASABO
180,TREAH PHARMACY,treahpharmacy@gmail.com,,Dispensing Medicines,RWAMAGA
181,GOOD LIFE PHARMACY*3,jeannette@goodlife.rw,"""+250788283666",Dispensing Medicines,KICUKIRO
182,KAVES PHARMACY,kavestine1@gmail.com,,Dispensing Medicines,GASABO
183,NGABO PHARMACY,ronald.ngabo@gmail.com,,Dispensing Medicines,
184,APOTHECARY PHARMACY,apophar6@gmail.com,,Dispensing Medicines,KICUKIRO
185,TAQWA PHARMACY,taqwapharmacy2020@gmail.com,,Dispensing Medicines,BUGESERA
186,DAYENU PHARMACY,ddayenupharmacy@gmail.com,,Dispensing Medicines,KARONGI
187,UWEVER HOLISTIC PHARMACY,uweverholisticpharmacyltd@gmail.com,,Dispensing Medicines,KARONGI
188,MEDLINK PHARMACY LTD,medlinkpharmacy47@gmail.com,,Dispensing Medicines,RUBAVU
189,JOSALUD PHARMACY,,,Dispensing Medicines,MUSANZE
190,PHARMACY CONCORDE,rugafelex@gmail.com,,Dispensing Medicines,KICUKIRO
191,ATLAS PHARMACY LTD,atlaspharmacykigali@gmail.com,,Dispensing Medicines,NYARUGENGE
192,NIMA PHARMACY,nimapharmacyrw@gmail.com,,Dispensing Medicines,NYARUGENGE
193,HOLY HOME PHARMACY,holyhome73@gmail.com,,Dispensing Medicines,
194,WIWO PHARMACY,insurance@wiwohealthcare.com,,Dispensing Medicines,NYARUGENGE
195,JAYCARE PHARMACY LTD,jaycarepharmacyltd@gmail.com,,Dispensing Medicines,NYANZA
197,AMIZERO PHARMCY,amizeropharmacy123@gmail.com,,Dispensing Medicines,KICUKIRO
198,APOTHECARY PHARMACY,apophar6@gmail.com,,Dispensing Medicines,KICUKIRO
199,TRINITY PHARMACY,trinitypharmacie2020@g,0782588465,Dispensing Medicines,KIBAGABAGA
200,PHARMACIE DIGNE,pharmaciedigne@gmail.com,0788461155/0724791938,Dispensing Medicines,KIBAGABAGA
201,KIBAGABAGA PHARMA,kibagabagapharma@gmail.com,0795361714,Dispensing Medicines,KIBAGABAGA
202,PULSE PHARMACY LTD,pulsepharma123@gmail.com,0799366444,Dispensing Medicines,GACURIRO
203,EXPRESS PHARMACY,pharmacyexpressltd@gmail.com,0798685222,Dispensing Medicines,NYARUTARAMA
204,DOLCE& BELLA PHARMACY,dolcebella.pharmacy@gmail.com,,Dispensing Medicines,REMERA
205,BRUCE PHARMACY,Brucepharmacy2023@gmail.com,0787673201,Dispensing Medicines,KIBAGABAGA
206,EMPIRE PHARMACY,mukamanadine250@gmail.com,0788564261,Dispensing Medicines,BUGESERA
207,PHARMACY MISERCOROLE,misercorole2@gmail.com,0782694404,Dispensing Medicines,NORVEGE
208,JORDAN PHARMACY,Jordanpharma90@gmail.com,,Dispensing Medicines,KICUKIRO
209,BIPA PHARMACY,bipapharmacy@gmail.com,0787487016,Dispensing Medicines,KICUKIRO
210,ELITE PHARMACY,elitepharltd@gmail.com,0784803330,Dispensing Medicines,KICUKIRO
211,UNIKA PHARMACY LTD,unikapharmacy@gmail.com,0780731888/0788804376,Dispensing Medicines,NORVEGE
213,AERIS PHARMACY LTD,aeris.pharmacy@gmail.com,0788533651/0791510178,Dispensing Medicines,GISOZI
214,LA CURA PHARMACY LTD,lacurapharm@gmail.com,0787890304/0785590594,Dispensing Medicines,KIMIRONKO
215,AERI PHARMACY ,aeripharm24@gmail.com,0788985448,Dispensing Medicines,KIMIRONKO
216,VISTA PHARMACY ZINDIRO BRANCH,vistapharmacy01@gmail.com,0783583217,Dispensing Medicines,KIMIRONKO
217,ADVANCED PHARMACY,advapharmacy@gmail.com,0791579424,Dispensing Medicines,GISOZI
218,HERIT PHARMACY,heritpharmacy@gmail.com,0787070327,Dispensing Medicines,GIKONDO
219,ISIMBI PHARMACY,pharmacyisimbi@gmail.com,0783948099/0788301485,Dispensing Medicines,GIKONDO
220,ALLIMED PHARMACY,allimedpharmacy@gmail.com,0795763907,Dispensing Medicines,KIMIRONKO
221,BALSAM PHARMACY,balsampharmacy21@gmail.com,0785864759,Dispensing Medicines,KICUKIRO
222,PHARMACIE IRIS LTD,pharmairisltd@yahoo.com,0788487755,Dispensing Medicines,NYARUGENGE
223,TOP PHARMACY LTD,topharmacypharma@gmail.com,0783876648,Dispensing Medicines,KABEZA
,,,,,
,OPTICAL,,,,
,,,,,
No,Names,E-mail,Phone number,Type of Service,LOCATION
7,NEW LOOK OPTICAL,newlookopti@gmail.com,(+250)788615065,Optical,NYARUGENGE
8,EVERYONE OPTICAL,everyoneoptical@yahoo.com ,(+250)788523845,Optical,KIMIRONKO
11.38888889,HAJEE OPTICAL,hajeeoptical@gmail.com,+250 786 877 770,Optical,NYARUGENGE
20.72222222,BRIGHT OPTICAL LTD,brightoptical2024@gmail.com,,Optical,KIMIRONKO
23.05555556,,,,,
,IMAGING,,,,
,,,,,
No,Names,E-mail,Phone number,Type of Service,LOCATION
1,KIGALI MEDICAL IMAGING & SUPPLIES CENTRE(KMISC),mutesarah@yahoo.com,+250788479420,DIAGNOSTICS,KINAMBA
2,MEDIHEAL DIAGNOSTIC AND FERTILITY CENTER,insurance.kigali@medihealgroup.com,+250788385703,SPECIALIZED CLINIC,KIMIHURURA
3,BWIZA MEDICAL CLINIC,bwizaclinic@gmail.com,(+250)788650220,GENERAL CLINIC&DIAGNOSTIC,NYARUGENGE
4,WIWO SPECIALIZED HOSPITAL,,,GENERAL CLINIC&DIAGNOSTIC,NYARUGENGE
,,,,,
,DENTAL,,,,
,,,,,
No,Names,E-mail,Phone number,Type of Service,LOCATION
1,DR JULIETA B.LUCAS DENTAL CLINIC,drjulietadentalclinic@gmail.com,+250788567141,Dental,NYARUTARAMA
2,FAITH CLINIC,faithclinic5a@gmail.com,+250785094100,Dental,NYARUGENGE
3,UR-CMHSBD(KHI),munarcisse@gmail.com,+250786689121,Dental,NYARUGENGE
4,JUBILEE DENTAL CLINIC,kigali@jubileedentalclinic.com,+250786983100,Dental,KICUKIRO
5,PINEDA DENTAL CLINIC,admin@pinedadentalclinic.com;accountant@pinedadentalclinic.com,+250788564377,Dental,KIYOVU
6,GENTLE DENTAL CLINIC,rwadidier@gmail.com,+250784106487,Dental,GISHUSHU
7,CLINIC DENTAIRE ADA ,cliniquedentaire.ada.ltd@gmail.com,+250788843901,Dental,NYARUTARAMA
8,ADVANCED DENTAL CLINIC ,advanced.dentalkigali@gmail.com,"""+250789313200",Dental,REMERA
9,SMILE DENTAL CLINIC,simledtcl@gmail.com,+250781561097,Dental,RUBAVU
10,CLINIQUE LA FIDELITE,cliniquelafidelite@yahoo.fr,+250783830840,Dental,RUBAVU
11,ABI MOBILE DENTAL CLINIC,,(+250)782319476,Dental,RUBAVU
12,UNITED DENTAL CLINIC,,(+250)785105155,Dental,MUSANZE
13,EBENEZER DENTAL CLINIC,ebenezerstonedentalclinic@gmail.com,(+250)788332273,Dental,MUHANGA
14,URUKUNDO FOUNDATION DENTAL CLINIC,foundationurukundo@yahoo.fr,(+250)784123277,Dental,MUHANGA
15,DENTAL EXPERTS CLINIC,dexclinic@gmail.com,(+250)781279512,Dental,KIMIRONKO
16,3D MUHABURA DENTAL CLINIC,muhabura2024@gmail.com,,Dental,GASABO
17,REHOBOTH DENTAL CLINIC,info@rehobothdentalclinic.rw,,Dental,BIBARE
18,CLINIQUE DENTAIRE LAIT DU NIL,laitdunil2022@gmail.com,,Dental,KIBAGABAGA
19,,,,,
20,,,,,
,CLINICS,,,,
,,,,,
No,Names,E-mail,Phone number,Type of Service,LOCATION
1,ISANGO CLINIC,drhabigera14@yahoo.fr,+250788481226,GENERAL OUTPATIENT CLINIC,NYAMIRAMBO
2,RWANDA DIABETES ASSOCIATION(FRATERNITE),rwandadiabetes@gmail.com,+250788538711,DIABETIC CARE,KINAMBA
3,RAPHA MEDICAL CLINIC,raphamed16@gmail.com,(+250)788679290,GENERAL OUTPATIENT CLINIC,KIMIRONKO
4,ADVANCED MEDICAL DIAGNOSTICS,amdrwanda@gmail.com,+250788774499,LABORATORY,NYARUGENGE
5,CABINET MEDICAL DE PEDIATRIE,ladislashategeka@gmail.com,+250788301596,PAEDIATRY,NYARUGENGE
6,BIO MEDICAL CENTER,mupenziemmy@yahoo.fr,+250788439440,GENERAL CLINIC ,NYARUGENGE
7,IRAMIRO CLINIC,iramiroclinic@gmail.com;iramiroclinic@yahoo.com,+250788404328,GENERAL OUTPATIENT CLINIC;DENTAL AND PHYSIOTHERAPY,KABUGA
8,CABINET MEDICAL VIGILE,rudasingwagj@yaoo.fr,+250788507738,GENERAL OUTPATIENT CLINIC,NYARUGENGE
9,CLINIC D'HARMONY,clinic.harmony@yahoo.fr,+250788500497,"MEDICAL,SURGERY,PAEDIATRY,DENTAL,GYNACOLOGY",NYARUGENGE
10,CENTRE MEDICAL ORKIDE,cmorkide@gmail.com,+250788597077,PHYSIOTHERAPY,REMERA
11,HERITAGE MEDICAL PARK,ericknyota@yahoo.fr,+250783564534,"MEDICAL,SURGERY,PAEDIATRY,DENTAL,GYNACOLOGY",KAGARAMA
12,CLINIC LA NOUVELLE TRIADE,drrusizanajanvier@yahoo.fr,+250788303171,GENERAL OUTPATIENT CLINIC,REMERA
13, CLINIQUE BIEN NAITRE,cliniquebiennaitre@yahoo.fr;cbnrwanda@gmail.com,+250788454647,"MEDICAL,GYNACOLOGY",NYARUGENGE
14,CLINIC MEDICAL SAINTE RITA,drangerita@gmail.com,+250788755770,GENERAL OUTPATIENT CLINIC,KINAMBA
16,SALEM CLINIC,salemclinic1@gmail.com,+250781698861,"MEDICAL,PAEDIATRY",KAGUGU
17,CLINIQUE DON DE DIEU,cliniquedondedieu@gmail.com,+250788302839,GENERAL OUTPATIENT CLINIC,KICUKIRO
18,CLINIQUE SAINTE ELISA,giovanni_muhima@yahoo.fr,+250782172985,,KIMIHURURA
19,CLINIQUE MPORE LIBERTE,cmporeliberte@gmail.com,+250788482805,GENERAL OUTPATIENT CLINIC,REMERA
20,MINAS MEDICAL CENTRE(NARINE MEDICAL CENTER),minas_hosp@yahoo.com,+250783110153,"MEDICAL,GYNACOLOGY",GISOZI
21,LALIFE CLINIC,lalifeclinicorl@gmail.com,+250788520986,"MEDICAL.DENTAL.PHYSIOTHERAPY,PAEDIATRY",KIYOVU
22,KIGALI ADVENTIST MEDICAL CENTER,kamcremera1970@yahoo.com,+250788664758,,REMERA
24,AFRICA HEALTH NETWORK RWANDA LTD,nik@africahealthcarenetwork.com,   ,HEMODIALYSIS FOR ACUTE RENAL FAILURE,KIMIHURURA
25,KIGALI DERMATOLOGY,kigali.dermatology.clinic@gmail.com,(+250)788307242,DERMATOLOGY,KACYIRU
26,UMWIZERWA MEDICARE CENTER,,(+250)788760733,INTERNAL MEDICINE CLINIC,KIMIHURURA
27,BERI CLINIC,bericlinic@gmail.com,(+250)788206792,GENERAL CLINIC ,KIMIRONKO
28,CLINIQUE LA FONDATION DU COEUR,nsengvinc@yahoo.fr,(+250)788505314,INTERNAL MEDICINE CLINIC,NYARUGENGE
29,ISANGANO CLINIC,william.gak@gmail.com,(+250)788758595,GENERAL CLINIC ,GATSATA
30,ACTIVE LIFE PHYSIOTHERAPY CLINIC,,(+250)788451085,PHYSIOTHERAPY,KIMIRONKO
31,CLINIQUE LA NOUVELLE TRIADE,twagiracoco@gmail.com,(+250)788436140,GENERAL CLINIC ,REMERA
32,MEDICUS HUMANUS CLINIC,,(+250)788348264,GENERAL OUTPATIENT CLINIC,GASABO
33,DOTHAN CLINIC,dothanclinic97@gmail.com,(+250)788273529,GENERAL OUTPATIENT INPATIENT CLINIC,KICUKIRO
34,DEVA MEDICAL CENTRE,insurance@devamc.com,(+250)788333555,SPECIALIZED OUTPATIENT  CLINIC,NYARUTARAMA
35,KIGALI CITIZENS POLYCLINIC,Cmukabatsinda@gmail.com,(+250)788304004,SPECIALIZED OUTPATIENT  CLINIC,NYARUGENGE
36,UBUMUNTU MEDICAL CLINIC,ubumuntuclinic@gmail.com,(+250)788306512,GENERAL OUTPATIENT CLINIC,KICUKIRO
37,IMANZI MEDICAL CLINIC, imanziclinic@yahoo.com,(+250)785607571,GENERAL OUTPATIENT CLINIC,ZINDIRO
38,SHEMA CLINIC,shemaclinic@gmail.com,(+250)788523835,GENERAL OUTPATIENT CLINIC,KANOMBE
39,SANTE CLINIC,santeclinic17@gmail.com,(+250)788466887,GENERAL OUTPATIENT CLINIC,NYARUGENGE
40,KIGALI EYE CENTRE,jnzabamwita@yahoo.fr,(+250)788530861,SPECIALIZED OPHTALMOLOGY  CLINIC,NYARUGENGE
42,CLINIQUE GALIEN,clinigalien11g@gmail.com,(+250)782187172,GENERAL OUTPATIENT CLINIC,KIMIRONKO
43,IJABO PHYSIOTHERAPY AND REHABILITATION CLINIC,ekayonga@gmail.com,(+250)787921473,PHYSIOTHERAPY,KANOMBE
44,BELLA VITAE MEDICAL CLINIC,bellavitaeclinic@gmail.com,(+250)783122717,GENERAL OUPATIENT&INPATIENT CLINIC,KANOMBE
45,HUMANHOOD CLINICS,humanhoodclinics@gmail.com,(+250)781921753,CLINIC,NYARUGENGE
46,KIBUNGO MEDICAL CENTER,kibungomedicalcenter@yahoo.fr,+250786643411,GENERAL OUTPATIENT CLINIC,NGOMA
47,SAINT THERESA CLINIC,sthereclinic@gmail.com,+250789388306,GENERAL OUTPATIENT CLINIC,RWAMAGANA
48,STELLA CLINIC,jeanlambertk@gmail.com,(+250)788530495,GENERAL CLINIC ,BUGESERA
49,PRIMO CLINIC, clinicprimo@gmail.com,(+250)781634099,GENERAL OUTPATIENT INPATIENT CLINIC,NYAMATA
50,RAPHA CLINIC NYAGATARE,raphaclinic8@gmail.com,(+250)788585292,GENERAL OUTPATIENT CLINIC,NYAGATARE
51,NARADA MEDICAL CLINIC,naradamc2016@gmail.com,(+250) 782388803,GENERAL CLINIC ,KAYONZA
52,UNITY CLINIC,unityclinicb@gmail.com,(+250)788403957,GENERAL CLINIC ,BUGESERA
53,NISSI CLINIC,nissiclinic19@gmail.com,"""+250780932193",GENERAL CLINIC ,RWAMAGANA
54,UMURAGE MEDICAL CLINIC,clinicumurage@gmail.com,+250783614047,GENERAL OUTPATIENT CLINIC,MUHANGA
55,BLESSED  FAMILY HEALTH CLINIC,,+250783377932,GENERAL OUTPATIENT CLINIC,RUHANGO
56,CLINIQUE MEDICALE LA PROVIDENCE,cliniquemedicalelaprovidence@gmail.com,+250784022096,"MEDICAL,GYNACOLOGY",MUHANGA
57,CLINIQUE MEDICALE SAINT PAUL,cliniquemedicalstpaul@gmail.com,(+250)783013822,GENERAL OUTPATIENT CLINIC,MUHANGA
58,IGIHOZO MEDICAL CLINIC,igihozomedicalclinic@gmail.com,(+250)788838589,GENERAL OUTPATIENT CLINIC,NYANZA
59,ISEZERANO MEDICAL CLINIC,isezeranomedicalclinic@gmail.com,(+250)788695024,GENERAL OUTPATIENT INPATIENT CLINIC,NYANZA
60,RAPHA CLINIC RUYENZI,raphaclinic8@gmail.com,(+250)788585292,GENERAL OUTPATIENT CLINIC,KAMONYI
61,INSHUTI MEDICAL CLINIC,inshuti_m@yahoo.fr,(+250)782476792,GENERAL OUTPATIENT CLINIC,NYAMAGABE
62,CLINIQUE MEDICALE DE L'ARCHE,clinique medical de l'arch,(+250)786226457,GENERAL OUTPATIENT CLINIC,RUBAVU
63,CLINIQUE SAINTE ELISABETH,cliniquestelisabeth@gmail.com,+250788355055,GENERAL OUTPATIENT INPATIENT CLINIC,RUSIZI
64,BEATHANIE MEDICAL CLINIC,mugabeeulade@gmail.com,(+250)785233792,GENERAL OUTPATIENT CLINIC,KARONGI
65,HORANA UBUZIMA CLINIC,,(+250)785014749,GENERAL OUTPATIENT CLINIC,RUBAVU
66,NDENGERA MEDICAL CLINIC,ndengeraclinic@gmail.com,(+250)788422169,GENERAL OUPATIENT&INPATIENT CLINIC,RUBAVU
67,CLINIQUE LA MEDICALE RUBAVU,lamedicale.rubavu@gmail.com,(+250)786562140,"MEDICAL,GENERAL SURGERY,PAEDIATRY,DENTAL,GYNECOLOGY",RUBAVU
68,CLINIQUE SAINTE IMMACULEE,rwirangiratheo@yahoo.fr,(+250)783421081,CLINIC,RUBAVU
69,PROOMNIBUS POLYCILINIC,proomnibusclinic@outlook.com,"""+250789866671",GENERAL CLINIC ,MUSANZE
70,CLINIQUE DU MONT NYAMAGUMBA,,(+250)88306528,GENERAL CLINIC ,MUSANZE
71,DEUS NEURO REHABILITATION CENTER,info@deusestmedicalclinics.com,(+250)780642024,GENERAL CLINIC ,GASABO
72,UMURINZI CLINIC,umurinzi5@gmail.com,(+250)788423135,GENERAL CLINIC ,RUHANGO
73,LIFELINE CLINIC,lifeline.clinic24@gmail.com,"""+250786051453",GENERAL CLINIC ,RULINDO
74,SAINT MICHEL CLINIC,stmichelclinic@gmail.com,(+250)786862226,GENERAL CLINIC ,BUGESERA
75,TRINITA MEDICAL CLINIC,trinitamedicalclinic@gmail.com,(+250)788283632,GENERAL CLINIC ,GASABO
76,GATEWAY MEDICAL CLINIC,gatewaymedicclinic@gmail.com,(+250)788437145,GENERAL CLINIC ,NYABIHU
77,MEDILABS CLINIC TUMBA LIMITED,smedilabs@gmail.com,(+250)788504151,GENERAL CLINIC ,KICUKIRO
78,GIRUBUZIMA MEDICAL CENTER CLINIC,girubuzimamedcenter2@gmail.com,(+250)788468551,GENERAL CLINIC ,KICUKIRO
79,TRUST HEALTHCARE CLINIC,trusthealthcareclinic@gmail.com,(+250)788629801,GENERAL CLINIC ,GICUMBI
80,HOPE CLINIC,hopeclinicrw1@gmail.com,(+250)785560004,GENERAL CLINIC ,GATSIBO
81,BARAKA MEDICAL CLINIC,barakamedicalclinic@gmail.com,(+250)785303979,GENERAL CLINIC ,KIREHE
82,FAMILY MEDICAL CLINIC,familymedicalclinic19@gmail.com,(+250)787933350,GENERAL CLINIC ,NYARUGENGE
83,CLINIQUE LA GRACE,gracekangwagye@gmail.com,(+250)782091845,GENERAL CLINIC ,KAYONZA
84,KIBUNGO MEDICAL CENTER,kibungomedicalcenter@yahoo.fr,(+250)786051453,GENERAL CLINIC ,RULINDO
85,ORION CLINIC,orionclinicrwanda@gmail.com,(+250)788778811,GENERAL CLINIC ,RUSIZI
86,SAGI CLINIC,sagiclinic@gmail.com,(+250)788207059,GENERAL CLINIC ,RUSIZI
87,CLINIQUE MEDICALE SAINTE FAMILLE,cliniquemsf@gmail.com,(+250)788876205,GENERAL CLINIC ,KARONGI
88,CLINIQUE GENERALE DE MAHOKO,cliniquegeneraledemahoko@gmail.com,(+250)783277917,GENERAL CLINIC ,RUBAVU
89,CLINIQUE SAINT CECILE,,(+250)785393728,GENERAL CLINIC ,MASAKA
90,UBI CARITAS LIMITED,ubicaritasclinic@gmail.com,(+250)788306392,GENERAL CLINIC ,KAMONYI
91,CHARITY MEDICAL CLINIC,clinicharity@gmail.com,(+250)785196386,GENERAL CLINIC ,RUBAVU
92,BABYL RWANDA LIMITED,humudu.shyaka@babyl.rw,(+250)788740288,CONSULTATIONS,NYARUGENGE
93,SAINT DARIUS MEDICAL CLINIC,st.darius.rw@gmail.com,(+250)788470338,GENERAL CLINIC ,KAYONZA
94,MUYUMBU MEDICAL CLINIC,muyumbuclinic@gmail.com,(+250)788312150,GENERAL CLINIC ,RWAMAGANA
95,SILOWAMU MEDICAL CLINIC,silowamu1mclinic@gmail.com,(+250)789403022,GENERAL CLINIC ,KAGUGU
96,BETHANIE MEDICAL CLINIC,bethaniemedclinic@gmail.com; mugabeeulade@gmail.com,(+250)789290315,GENERAL CLINIC ,KABEZA
97,BENEFACTOR DAVID CLINIC,info@btdavidclinic.rw,(+250)788303458,GENERAL CLINIC ,NYAMATA
98,SAINT CAMILLO CLINIC,,(+250)788414202,GENERAL CLINIC ,
99,SAINT SIMON MEDICAL CLINIC,santosii@yahoo.fr,(+250)788544691,GENERAL CLINIC ,RWAMAGANA
100,KIGALI HILL SIDE CLINIC,kigalihillsideclinic@gmail.com,(+250)788824619,GENERAL CLINIC ,GISOZI
101,VIVA CLINIC,vivaclinicy@gmail.com,(+250)788357735,GENERAL CLINIC ,MASAKA
102,CLINIQUE MEDICALE PEACE GAKENKE LTD,cliniquegakenke@gmail.com,,GENERAL CLINIC ,GAKENKE
103,CLINIC SOINS POUR TOUS,,(+250)785833526,GENERAL CLINIC ,GASABO
104,HOREBU MEDICAL CLINIC,horebumedicalclinic@gmail.com,(+250)788305541,GENERAL CLINIC ,GASABO
105,BETA CLINIC,,(+250)788306031,GENERAL CLINIC ,RUSIZI
106,SANUS MEDICAL CLINIC,sanusmedicalclinic2021@gmail.com,(+250)788422336,GENERAL CLINIC ,MUHANGA
107,MAXCURE CLINIC,maxcureclinicrwanda@gmail.com,(+250)788646871,GENERAL CLINIC ,NYARUGENGE
108,UNIQUE REHABILITATION CLINIC,eimauvit1500@gmail.com,(+250)784141416,PHYSIOTHERAPY,KIMIRONKO
109,PLAN HEALTHCARE LANE PARK,planhealthcarel@gmail.com,'+250786521838,GENERAL CLINIC ,RUBAVU
111,CLINIQUE LA FIDELITE,,,GENERAL CLINIC ,REMERA
112,DUTABARANE CLINIC,ndayizeyemutesa@gmail.com,0788539875,GENERAL CLINIC ,NYARUGENGE
113,ST VICENT PALLOTTI CLINIC,pallotticlinique21@gmail.com,"""+250790106826",GENERAL CLINIC ,KICUKIRO
114,AVEGA CLINIC,avegaclinic2@gmail.com,"""0788494769",GENERAL CLINIC ,GASABO
115,THARHON MEDICAL CLINIC,tharhonmedicalclinic@gmail.com,"""+250791811263",GENERAL CLINIC ,GASABO
116,YAHSHUA MEDICAL CLINIC,abbakankindi@gmail.com,"""+250788663250",GENERAL CLINIC ,NYAGATARE
117,TRINITY MEDICAL CLINIC,trinitymltd@gmail.com,"""+250788504566",GENERALCLINIC,KICUKIRO
118,CRANFIELD BROOKLYN LTD,,,GENERALCLINIC,KICUKIRO
119,MILO CLINIC,miloclinicltd@gmail.com,,GENERALCLINIC,NYABUGONGO
120,WOMEN'S HEATH AND FERTILITY CLINIC,mwesidavi@gmail.com,,GENERALCLINIC,KBEZA
121,KIRA MEDICAL CARE ,kiramedicalcareltd@gmail.com,,GENERALCLINIC,KARONGI
122,CLINIQUE MPORE RG VIE,clinicmporergvie@gmail.com,,GENERALCLINIC,MUSANZE
123,SION SPECIALISED CLINIC,,,GENERALCLINIC,GIKONDO
124,AMARIS MEDICAL,amarisclinic1@gmail.com,,GENERALCLINIC,NYAMIRAMBO
125,KMISC CLINIC,kigalimedicalimaging@gmail.com,0794485005/0787638420,GENERALCLINIC,GIKONDO
126,UBUNTU MEDICAL CLINIC,ubumuntuclinic@gmail.com,,GENERALCLINIC,KAMONYI/BISHENYI
127,,,,,
,,,,,
,POLYCLINICS/PRIVATE HOSPITALS,,,,
,,,,,
No,Names,E-mail,Phone number,Type of Service,LOCATION
1,KIGALI MEDICAL CENTER,kmccenterpolyclinic@gmail.com,+250725084378,"MEDICAL,GENERAL SURGERY,PAEDIATRY,DENTAL,GYNECOLOGY",KIMIRONKO
2,UBUZIMA POLYCLINIC,ubuzimaclinic@gmail.com,+250788540557,"MEDICAL,GYNACOLOGY",KIMIRONKO
3,POLYCLINIC SAINT JEAN,polyclinicstjean@gmail.com,+250786635315,"MEDICAL,GENERAL SURGERY,PAEDIATRY,DENTAL,GYNECOLOGY",NYAMIRAMBO
4,POLYFAM,polycliniquefamiliale@yahoo.com,+250784161745,"MEDICAL,GENERAL SURGERY,GYNECOLOGY",REMERA
5,UR-CMHSBD(KHI),fam_khblimited@yahoo.com,+250786689121,"DENTAL,PHYSIOTHERAPY",NYARUGENGE
6,POLYCLINIQUE MEDICO SOCIALE,polycliniquemedicosociale@yahoo.fr,+250788521351,"MEDICAL,GENERAL SURGERY,PAEDIATRY,DENTAL,GYNECOLOGY",KINAMBA
7,POLYCLINIQUE LA MEDICALE KIGALI,duwigitije@gmail.com,+250788688404,"MEDICAL,GENERAL SURGERY,PAEDIATRY,DENTAL,GYNECOLOGY",NYARUGENGE
8,POLYCLINIQUE DE L'ETOILE,polycliniquedeletoile@gmail.com,+250788574667,"MEDICAL,,PAEDIATRY,DENTAL,GYNECOLOGY",NYARUGENGE
9,BAHO POLYCLINIC,vntagengerwa07@gmail.com,(+250)788302172,"MEDICAL,GENERAL SURGERY,PAEDIATRY,DENTAL,GYNECOLOGY",NYARUGENGE
10,BAHO INTERNATIONAL HOSPITAL,immaculee.u@bahointernationalhospital.com,(+250)788306805,"MEDICAL,GENERAL SURGERY,PAEDIATRY,DENTAL,GYNECOLOGY",NYARUTARAMA
13,POLYCLINIC DU CARREFOUR,polyclinicducarrefour@gmail.com,+250784840500,"MEDICAL,GENERAL SURGERY,PAEDIATRY,DENTAL,GYNECOLOGY",KICUKIRO
14,INKURUNZIZA ORTHOPEDIC HOSPITAL ,receptioniza@gmail.com,+250789280431,ORTHOPEDY,GIKONDO
15,GLAMERC POLYCLINIC,glamerc@gmail.com,+250788872840,SPECIALITIES,REMERA
16,WIWO SPECILAIZED HOSPITAL,mkuzayiru@gmail.com;info@wiwohealthcare.com,(+250)783549007,HOSPITAL,GASABO
17,BEATRICE POLYCLINIC,beatricepolyclinic@gmail.com,(+250)780301870,"MEDICAL,GENERAL SURGERY,PAEDIATRY,DENTAL,GYNECOLOGY",GASABO
19,MBC HOSPITAL,mbchospitalapprovals@gmail.com,(+250)787233553,"MEDICAL,GENERAL SURGERY,PAEDIATRY,DENTAL,GYNECOLOGY",NYARUGENGE
20,PEACE POLOLYCLINIC,peacepoly@39gmail.com,+250788845117,"MEDICAL,GENERAL SURGERY,PAEDIATRY,DENTAL,GYNECOLOGY",MUHANGA
21,POLYCLINIQUE LA MEDICALE HUYE,c.medicale@yahoo.fr,+250788524280,"MEDICAL,GENERAL SURGERY,PAEDIATRY,DENTAL,GYNECOLOGY",HUYE
22,SALUS POLYCLINIC,infosaluspolyclinic@gmail.com,(+250)788557273,"MEDICAL,GENERAL SURGERY,PAEDIATRY,DENTAL,GYNECOLOGY",HUYE
24,POLYCLINIQUE LA MEDICALE MUSANZE,polyclinique.musanze@yahoo.fr,+250788945411,"MEDICAL,GENERAL SURGERY,PAEDIATRY,DENTAL,GYNECOLOGY",MUSANZE
26,EJO HEZA SURGICAL CENTER,geogentakiyiruta@yahoo.co.uk,(+250)788433638,ORTHOPEDY,REMERA
27,KIGALI CARDIOLOGY CABINET,,,CARDIOLOGY,KIMIHURURA
28,POLYCLINIQUE DU BON BERGER,evowerabe6@gmail.com,(+250)788503012,"MEDICAL,PAEDIATRY,GYNECOLOGY",GIKONDO
29,RWANDA CHARITY EYE HOSPITAL,rceh.viateur@gmail.com,(+250)788493650,OPHTALMOLOGY SPECIALIZED HOSPITAL,KAMONYI
30,PYRAMID MEDICAL CARE LTD,pyramidseyecenter@gmail.com,(+250)783245226,OPHTALMOLOGY SPECIALIZED,KICUKIRO
31,KIVU SPECIALIZED CLINIC,kivuclinic@gmail.com,(+250)781055911,ENT SPECIALIZED CLINIC,KACYIRU
32,ATELIER ORTHOPEDIQUE DE GIKONDO(ATOGI),atogiltd14@gmail.com,(+250)788744181,ORTHOPEDY,GIKONDO
33,INEZA POLYCLINIC,polyclinicineza2021@gmail.com,'+250783377932,POLYCLINIC,MUHANGA
34,NYARURAMA ADVENTIST POLYCLINIC,izajeanne9@gmail.com,(+250)782037004/0788757322,POLYCLINIC,NYARURAMA
35,PREMIUM MEDICAL CLINIC,,,,
37,SANGWA POLYCLINIC,sangwa.polyclinic@gmail.com,'+250783345957,POLYCLINIC,HUYE
38,HOPE POLYCLINIC,hope.medicalpoly@gmail.com,,POLYCLINIC,KICUKIRO
39,WOMEN'S HEALTH AND FERTILITY CLINIC,mwesidavi@gmail.com,,POLYCLINIC,KABEZA
40,HOPE MEDICAL CENTER,hope.medicalpoly@gmail.com,,POLYCLINIC,
41,DIVINE MERCY HOSPITAL FR BASH FOUNDATION,,,HOSPITAL,MBARARA
42,,,,,
,GOVERNEMENT HOSPITALS,,,,
,,,,,
No,Names,E-mail,Phone number,Type of Service,LOCATION
1,CHUK ,hamibri@yahoo.fr,+250788675416,"MEDICAL,GENERAL SURGERY,PAEDIATRY,DENTAL,GYNECOLOGY",NYARUGENGE
2,RWANDA MILITARY HOSPITAL,info@rmh.rw,+250788429683,"MEDICAL,GENERAL SURGERY,PAEDIATRY,DENTAL,GYNECOLOGY",KANOMBE
3,HOSPITAL KIBAGABAGA,jmunyangabe@yahoo.fr,+250788560765,"MEDICAL,GENERAL SURGERY,PAEDIATRY,DENTAL,GYNECOLOGY",KIBAGABAGA
4,HOSPITAL NDERA,ndera-hospital@moh.gov.rw;kargdeo@yahoo.fr,+250788827364,"MEDICAL,GENERAL SURGERY,PAEDIATRY,DENTAL,GYNECOLOGY",GASABO
5,MUHIMA HOSPITAL,miuhima.hospital@moh.gov.rw,,"MEDICAL,GENERAL SURGERY,PAEDIATRY,DENTAL,GYNECOLOGY",NYARUGENGE
6,MASAKA DISTRICT HOSPITAL,masaka.hospital@moh.gov.rw,,"MEDICAL,GENERAL SURGERY,PAEDIATRY,DENTAL,GYNECOLOGY",KICUKIRO
7,KACYIRU HOSPITAL,kacyiru.hospital@moh.gov.rw,(+250),"MEDICAL,GENERAL SURGERY,PAEDIATRY,DENTAL,GYNECOLOGY",KACYIRU
8,NYAMATA HOSPITAL,nyamata.hosiptal@moh.gov.rw,+250788130100,"MEDICAL,GENERAL SURGERY,PAEDIATRY,DENTAL,GYNECOLOGY",BUGESERA
9,RWAMAGANA HOSPITAL,rwamagana.hospital@moh.gov.rw,+250788740518,"MEDICAL,GENERAL SURGERY,PAEDIATRY,DENTAL,GYNECOLOGY",RWAMAGANA
10,NGARAMA HOSPITAL,hopngarama@yahoo.fr,(+250)788846024,"MEDICAL,GENERAL SURGERY,PAEDIATRY,DENTAL,GYNECOLOGY",GATSIBO
11,KIREHE HOSPITAL,kirehe.hospital@moh.gov.rw,(+250)782223223,"MEDICAL,GENERAL SURGERY,PAEDIATRY,DENTAL,GYNECOLOGY",KIREHE
12,GAHINI HOSPITAL,hopitagah@gmail.com/ venustus1969@gmail.com,"""+250782309376","MEDICAL,GENERAL SURGERY,PAEDIATRY,DENTAL,GYNECOLOGY",KAYONZA
13,NYAGATARE HOSPITAL,hopitalnyagatare@yahoo.fr,(+250)785053366,"MEDICAL,GENERAL SURGERY,PAEDIATRY,DENTAL,GYNECOLOGY",NYAGATARE
14,RWINKWAVU HOSPITAL,rwinkwavu.hospital@moh.gov.rw,,"MEDICAL,GENERAL SURGERY,PAEDIATRY,DENTAL,GYNECOLOGY",GATSIBO
15,KIBUNGO HOSPITAL,kibungo.hospital@moh.gov.rw,(+250)781094865,"MEDICAL,GENERAL SURGERY,PAEDIATRY,DENTAL,GYNECOLOGY",NGOMA
16,NYANZA HOSPITAL,kabger05@yahoo.fr,+250736919363,"MEDICAL,GENERAL SURGERY,PAEDIATRY,DENTAL,GYNECOLOGY",NYANZA
17,CHUB,sijerc01@yahoo.fr,+250788849762,"MEDICAL,GENERAL SURGERY,PAEDIATRY,DENTAL,GYNECOLOGY",HUYE
18,KABGAYI HOSPITAL,rukundojerome@yahoo.fr,+250788749060,"MEDICAL,GENERAL SURGERY,PAEDIATRY,DENTAL,GYNECOLOGY",MUHANGA
19,KIGEME HOSPITAL,joshat16@yahoo.com,+250783164362,"MEDICAL,GENERAL SURGERY,PAEDIATRY,DENTAL,GYNECOLOGY",NYAMAGABE
20,REMERA RUKOMA HOSPITAL,,,"MEDICAL,GENERAL SURGERY,PAEDIATRY,DENTAL,GYNECOLOGY",KAMONYI
21,RUHANGO HOSPITAL,ruhango.hospital@moh.gov.rw,(+250)788701290,"MEDICAL,GENERAL SURGERY,PAEDIATRY,DENTAL,GYNECOLOGY",RUHANGO
22,HOPITAL GITWE,gitwe.hospital@moh.gov.rw,(+250)788865180,"MEDICAL,GENERAL SURGERY,PAEDIATRY,DENTAL,GYNECOLOGY",RUHANGO
23,HOPITAL DIOCESAIN KABGAYI,kabgeye@gmail.com,(+250)786448577,OPHTALMOLGY SPECIALIZATION,MUHANGA
24,MUHORORO HOSPITAL,muhororohospital@gmail.com,(+250)785392400,"MEDICAL,GENERAL SURGERY,PAEDIATRY,DENTAL,GYNECOLOGY",MUHANGA
25,GAKOMA HOSPITAL,gakoma.hospital@moh.gov.rw,(+250)783571510,"MEDICAL,GENERAL SURGERY,PAEDIATRY,DENTAL,GYNECOLOGY",GISAGARA
26,MUNINI HOSPITAL,munini.hospital@moh.gov.rw,(+250)782597498,"MEDICAL,GENERAL SURGERY,PAEDIATRY,DENTAL,GYNECOLOGY",NYARUGURU
27,GIHUNDWE HOSP,gihundwe.hospital@moh.gov.rw,+250788614414,"MEDICAL,GENERAL SURGERY,PAEDIATRY,DENTAL,GYNECOLOGY",RUSIZI
28,MIBIRIZI HOSPITAL,ntibavenu@yahoo.fr,+250788928229,"MEDICAL,GENERAL SURGERY,PAEDIATRY,DENTAL,GYNECOLOGY",RUSIZI
29,KIBOGORA HOSPITAL,"kibogorahospital@gmail.com, kibogora.hospital@moh.gov.rw",+250789739401,"MEDICAL,GENERAL SURGERY,PAEDIATRY,DENTAL,GYNECOLOGY",NYAMASHEKE
30,BUSHENGE HOSPITAL,bushenge.hospital@moh.rw,+250788582705,"MEDICAL,GENERAL SURGERY,PAEDIATRY,DENTAL,GYNECOLOGY",NYAMASHEKE
31,KIBUYE HOSPITAL,hopitalkibuye@yahoo.com,+250788566925,"MEDICAL,GENERAL SURGERY,PAEDIATRY,DENTAL,GYNECOLOGY",KARONGI
32,GISENYI HOSPITAL,kanapascal20@gmail.com,+250788776931,"MEDICAL,GENERAL SURGERY,PAEDIATRY,DENTAL,GYNECOLOGY",RUBAVU
33,SHYIRA HOSPITAL,musamod155@gmail.com,(+250)788444068,"MEDICAL,GENERAL SURGERY,PAEDIATRY,DENTAL,GYNECOLOGY",NYABIHU
34,KABAYA HOSPITAL,kabaya.hospital@moh.gov.rw,(+250)783244548,"MEDICAL,GENERAL SURGERY,PAEDIATRY,DENTAL,GYNECOLOGY",NGORORERO
35,NEMBA HOSPITAL,hopitalnemba@yahoo.fr,+250781288094,"MEDICAL,GENERAL SURGERY,PAEDIATRY,DENTAL,GYNECOLOGY",GAKENKE
36,RUHENGERI HOSPITAL,ruhengeri.hospital@moh.gov.rw,+250788489383,"MEDICAL,GENERAL SURGERY,PAEDIATRY,DENTAL,GYNECOLOGY",MUSANZE
37,KINIHIRA HOSPITAL,kinihira.hospital@moh.gov.rw,(+250)787470368,"MEDICAL,GENERAL SURGERY,PAEDIATRY,DENTAL,GYNECOLOGY",RULINDO
38,RULI HOSPITAL,ruli.hospital@moh.gov.rw,(+250)788248127,"MEDICAL,GENERAL SURGERY,PAEDIATRY,DENTAL,GYNECOLOGY",RULINDO
39,RUTONGO HOSPITAL,rutongo.hospital@moh.gov.rw,(+250)785079510,"MEDICAL,GENERAL SURGERY,PAEDIATRY,DENTAL,GYNECOLOGY",RULINDO
40,BUTARO HOSPITAL,butaro.hospital@moh.gov.rw,(+250)782469486,"MEDICAL,GENERAL SURGERY,PAEDIATRY,DENTAL,GYNECOLOGY",BURERA
41,NYARUGENGE DISTRICT HOSPITAL,nzirorerajeandedieu713@gmail.com,(+250)783821881,"MEDICAL,GENERAL SURGERY,PAEDIATRY,DENTAL,GYNECOLOGY",NYARUGENGE
42,MUGONERO HOSPITAL,mugonero.hospital@moh.gov.rw,(+250)788688123,"MEDICAL,GENERAL SURGERY,PAEDIATRY,DENTAL,GYNECOLOGY",KARONGI
43,MURUNDA HOSPITAL,murunda.hospital@moh.gov.rw,(+250)788633676,"MEDICAL,GENERAL SURGERY,PAEDIATRY,DENTAL,GYNECOLOGY",RUTSIRO
44,KABUTARE HOSPITAL,kabutare.hospital@moh.gov.rw,(+250)788498526,"MEDICAL,GENERAL SURGERY,PAEDIATRY,DENTAL,GYNECOLOGY",HUYE
45,KIBIRIZI HOSPITAL,kibirizi.hospital@moh.gov.rw,(+250)785042978,"MEDICAL,GENERAL SURGERY,PAEDIATRY,DENTAL,GYNECOLOGY",HUYE
46,KADUHA HOSPITAL,kaduha.hospital@moh.gov.rw,(+250)785247991,"MEDICAL,GENERAL SURGERY,PAEDIATRY,DENTAL,GYNECOLOGY",NYAMAGABE
47,KIRINDA HOSPITAL,kirinda.hospital@moh.gov.rw,(+250)782166072,"MEDICAL,GENERAL SURGERY,PAEDIATRY,DENTAL,GYNECOLOGY",
48,KIZIGURO DISTRICT HOSPITAL,kiziguro.hospital@moh.gov.rw,(+250)788249292,"MEDICAL,GENERAL SURGERY,PAEDIATRY,DENTAL,GYNECOLOGY",
49,GATUNDA HOSPITAL,gatunda.hospital@moh.gov.rw,(+250)788878205,"MEDICAL,GENERAL SURGERY,PAEDIATRY,DENTAL,GYNECOLOGY",
50,RILIMA ORTHOPEDIC HOSPITAL,rilima.hospital@moh.gov.rw,(+250)788653252,ORTHOPEDIC ,NYAMATA
51,,,,,
,LABORATORY,,,,
,,,,,
No,Names,E-mail,Phone number,Type of Service,LOCATION
1,LANCET LABORATORIES,info@lancet.co.rw,(+250)784035660,SPECIALIZED LABORATORY,GASABO
2,MEDILABS HUYE,infomedilabs@gmail.com,+250787037616,LABORATORY,HUYE
,,,,,
,HEALTH CENTERS,,,,
,,,,,
No,Names,E-mail,Phone number,Type of Service,LOCATION
1,SHYORONGI HEALTH CENTER,info@moh.gov.rw,(+250)783743973,PRIMARY HEALTHCARE,RULINDO
2,RULINDO HEALTH CENTER,info@moh.gov.rw,(+250)788601454,PRIMARY HEALTHCARE,RULINDO
3,KISARO HEALTH CENTER,info@moh.gov.rw,(+250)788343030,PRIMARY HEALTHCARE,BURERA
4,KIRAMBO HEALTH CENTER,info@moh.gov.rw,(+250)787490225,PRIMARY HEALTHCARE,BURERA
5,RUGARAMA HEALTH CENTER,info@moh.gov.rw,(+250)788297333,PRIMARY HEALTHCARE,BURERA
6,GATARAGA HEALTH CENTER,info@moh.gov.rw,(+250)788818901,PRIMARY HEALTHCARE,MUSANZE
7,KINYABABA HEALTH CENTER,info@moh.gov.rw,(+250)788513055,PRIMARY HEALTHCARE,BURERA
8,GITARE HEALTH CENTER,info@moh.gov.rw,(+250)788815213,PRIMARY HEALTHCARE,BUTARO
9,MANYAGIRO HEALTH CENTER,info@moh.gov.rw,(+250)783508502,PRIMARY HEALTHCARE,BUTARO
10,NYAKABUYE HEALTH CENTER,info@moh.gov.rw,(+250)788896560,PRIMARY HEALTHCARE,RUSIZI
11,MIMULI HEALTH CENTER,info@moh.gov.rw,(+250)783892694,PRIMARY HEALTHCARE,NYAGATARE
12,KAYOVE HEALTH CENTER,info@moh.gov.rw,(+250)782140497,PRIMARY HEALTHCARE,RUTSIRO
13,BIRAMBO HEALTH CENTER,subikagelin@yahoo.fr,(+250)788744060,PRIMARY HEALTHCARE,KARONGI
14,BIGOGWE HEALTH CENTER,info@moh.gov.rw,(+250)788593423,PRIMARY HEALTHCARE,NYABIHU
15,KARAMBI HEALTH CENTER,info@moh.gov.rw,(+250)788473216,PRIMARY HEALTHCARE,RUHANGO
16,KARANGAZI HEALTH CENTER,info@moh.gov.rw,(+250)788473216,PRIMARY HEALTHCARE,GATSIBO
17,MUKARANGE HEALTH CENTER,info@moh.gov.rw,(+250)788751829,PRIMARY HEALTHCARE,KAYONZA
18,MUSHA HEALTH CENTER,info@moh.gov.rw,(+250)788490475,PRIMARY HEALTHCARE,RWAMAGANA
19,NYAMIRAMA HEALTH CENTER,info@moh.gov.rw,(+250)788655783,PRIMARY HEALTHCARE,KAYONZA
20,KABARONDO HEALTH CENTER,info@moh.gov.rw,(+250)788891069,PRIMARY HEALTHCARE,KAYONZA
21,RUKOMO HEALTH CENTER,info@moh.gov.rw,(+250)788588397,PRIMARY HEALTHCARE,NYAGATARE
22,ISLAMIC HEALTH CENTER,info@moh.gov.rw,(+250)788968814,PRIMARY HEALTHCARE,RUSIZI
23,NYAMASHEKE HEALTH CENTER,nyamashekehc@yahoo.com,(+250)788896560,PRIMARY HEALTHCARE,NYAMASHEKE
24,HANIKA HEALTH CENTER,info@moh.gov.rw,(+250)788478633,PRIMARY HEALTHCARE,NYAMASHEKE
25,MUKOMA HEALTH CENTER,info@moh.gov.rw,(+250)787265922,PRIMARY HEALTHCARE,
26,MUGERA HEALTH CENTER,info@moh.gov.rw,(+250)788553149,PRIMARY HEALTHCARE,
27,RUSHASHI HEALTH CENTER,info@moh.gov.rw,(+250)788448260,PRIMARY HEALTHCARE,RULINDO
28,RWANKUBA HEALTH CENTER,csrwankuba@gmail.com,(+250)783814504,PRIMARY HEALTHCARE,RULINDO
29,MUHONDO HEALTH CENTER,info@moh.gov.rw,(+250)788534666,PRIMARY HEALTHCARE,GAKENKE
30,MARABA HEALTH CENTER,info@moh.gov.rw,(+250)788535043,PRIMARY HEALTHCARE,NYARUGURU
31,COKO HEALTH CENTER,info@moh.gov.rw,(+250)788578685,PRIMARY HEALTHCARE,NYARUGURU
32,GATEBE HEALTH CENTER,info@moh.gov.rw,(+250)788528957,PRIMARY HEALTHCARE,BURERA
33,BUSORO HEALTH CENTER,info@moh.gov.rw,(+250)787563473,PRIMARY HEALTHCARE,
34,GATENGA MEDICALISED HEALTH CENTER,gatengahealthcenter@yahoo.com,(+250)788215322,MEDICALISED  HEALTHCARE,GATENGA
35,KANYINYA HEALTH CENTER,info@moh.gov.rw,(+250)787051961,PRIMARY HEALTHCARE,NYARUGENGE
36,JENDA HEALTH CENTER,info@moh.gov.rw,(+250)788581351,PRIMARY HEALTHCARE,NYAMAGABE
37,MBUGA HEALTH CENTER,info@moh.gov.rw,(+250)788472070,PRIMARY HEALTHCARE,
38,MUSEBEYE HEALTH CENTER,info@moh.gov.rw,(+250)788621500,PRIMARY HEALTHCARE,NYAMAGABE
39,CYARUBARE HEALTH CENTER,info@moh.gov.rw,(+250)783662090,PRIMARY HEALTHCARE,KAYONZA
40,RWANKERI HEALTH CENTER,info@moh.gov.rw,(+250)788420351,PRIMARY HEALTHCARE,MUSANZE
41,KIMIRONKO HEALTH CENTER,info@moh.gov.rw,,PRIMARY HEALTHCARE,GASABO
42,KITABI HEALTH CENTER,info@moh.gov.rw,,PRIMARY HEALTHCARE,NYAMAGABE
43,NYARURENZI HEALTH CENTER,info@moh.gov.rw,,PRIMARY HEALTHCARE,NYARUGENGE
44,NDEGO HEALTH CENTER,info@moh.gov.rw,,PRIMARY HEALTHCARE,KAYONZA
45,GISAGARA HEALTH CENTER,info@moh.gov.rw,(+250)782846880,PRIMARY HEALTHCARE,GISAGARA
46,CYAHINDA HEALTH CENTER,info@moh.gov.rw,(+250)788648997,PRIMARY HEALTHCARE,NYARUGURU
47,MUGOMBWA HEALTH CENTER,info@moh.gov.rw,(+250)788644459,PRIMARY HEALTHCARE,GISAGARA
48,GIKONKO HEALTH CENTER,info@moh.gov.rw,(+250)788522330,PRIMARY HEALTHCARE,NYANZA
49,SAVE HEALTH CENTER,info@moh.gov.rw,(+250)785526590,PRIMARY HEALTHCARE,NGOMA
50,HANIKA HEALTH CENTER,hanika@gmail.com,,PRIMARY HEALTHCARE,
51,GISHALI HEALTH CENTER,,,PRIMARY HEALTHCARE,GISHARI
52,,,,,
,AMBULANCES ,,,,
1,CHUK ,hamibri@yahoo.fr,+250788675416,"MEDICAL,GENERAL SURGERY,PAEDIATRY,DENTAL,GYNECOLOGY",NYARUGENGE
2,RWANDA MILITARY HOSPITAL,info@rmh.rw,+250788429683,"MEDICAL,GENERAL SURGERY,PAEDIATRY,DENTAL,GYNECOLOGY",KANOMBE
3,HOSPITAL KIBAGABAGA,jmunyangabe@yahoo.fr,+250788560765,"MEDICAL,GENERAL SURGERY,PAEDIATRY,DENTAL,GYNECOLOGY",KIBAGABAGA
4,HOSPITAL NDERA,ndera-hospital@moh.gov.rw;kargdeo@yahoo.fr,+250788827364,"MEDICAL,GENERAL SURGERY,PAEDIATRY,DENTAL,GYNECOLOGY",GASABO
5,MUHIMA HOSPITAL,miuhima.hospital@moh.gov.rw,,"MEDICAL,GENERAL SURGERY,PAEDIATRY,DENTAL,GYNECOLOGY",NYARUGENGE
6,MASAKA DISTRICT HOSPITAL,masaka.hospital@moh.gov.rw,,"MEDICAL,GENERAL SURGERY,PAEDIATRY,DENTAL,GYNECOLOGY",KICUKIRO
7,SAMU AMBULANCE ,,912 CONTACT CENTER,AMBULANCE AGENCY,KIGALI
8,CHUB,sijerc01@yahoo.fr,+250788849762,"MEDICAL,GENERAL SURGERY,PAEDIATRY,DENTAL,GYNECOLOGY",HUYE
9,KING FAISAL HOSPITAL,faisal@rwanda1.com,+250783541892,"MEDICAL,GENERAL SURGERY,PAEDIATRY,DENTAL,GYNECOLOGY",KACYIRU
10,NYAMATA HOSPITAL,nyamata.hosiptal@moh.gov.rw,+250788130100,"MEDICAL,GENERAL SURGERY,PAEDIATRY,DENTAL,GYNECOLOGY",BUGESERA
11,NGARAMA HOSPITAL,hopngarama@yahoo.fr,(+250)788846024,"MEDICAL,GENERAL SURGERY,PAEDIATRY,DENTAL,GYNECOLOGY",GATSIBO
12,GAHINI HOSPITAL,hopitagah@gmail.com/ venustus1969@gmail.com,"""+250782309376","MEDICAL,GENERAL SURGERY,PAEDIATRY,DENTAL,GYNECOLOGY",KAYONZA
13,NYAGATARE HOSPITAL,hopitalnyagatare@yahoo.fr,(+250)785053366,"MEDICAL,GENERAL SURGERY,PAEDIATRY,DENTAL,GYNECOLOGY",NYAGATARE
14,KIGEME HOSPITAL,joshat16@yahoo.com,+250783164362,"MEDICAL,GENERAL SURGERY,PAEDIATRY,DENTAL,GYNECOLOGY",NYAMAGABE
15,HOPITAL DIOCESAIN KABGAYI,kabgeye@gmail.com,(+250)786448577,OPHTALMOLGY SPECIALIZATION,MUHANGA
16,GIHUNDWE HOSPITAL,gihundwe.hospital@moh.gov.rw,+250788614414,"MEDICAL,GENERAL SURGERY,PAEDIATRY,DENTAL,GYNECOLOGY",RUSIZI
,,,,,
,FACILITIES ACCESSIBLE ONLY ON REFERRAL:,,,,
1,KING FAISAL HOSPITAL,,,,
2,LEGACY CLINIC,,,,
3,DREAM MEDICAL CENTER (DMC),,,,
4,AIMS LIFE CARE CLINIC,,,,
5,FRONTIER DIAGNOSTICS,,,,
6,DR.AGARWAL HOSPITAL,,,,
7,CLINIQUE BIEN NAITRE,,,,
8,RMH-MUHABURA CLINIC,,,,
9,POLYCLINIQUE DU PLATEUAX,,,Currently on suspension till further notice,